collab:elemType,org:group,concept:name,time:timestamp,case:concept:name,msgInstanceId,msgType,msgFlow
task,PartyA,Activity A/PartyA//,2021-06-23 06:00:05.205000+00:00,case_188,,,
task,PartyC,Activity ZA/PartyC//,2021-06-23 06:00:08.182000+00:00,case_188,,,
SendTask,PartyC,Activity CZ/PartyC/PartyA/,2021-06-23 06:00:08.508000+00:00,case_188,m2_124,send,m2
ReceiveTask,PartyA,Activity C/PartyA//PartyC,2021-06-23 06:00:14.126000+00:00,case_188,m2_124,receive,m2
SendTask,PartyC,Activity DZ/PartyC/PartyA/,2021-06-23 06:00:15.495000+00:00,case_188,m1_125,send,m1
ReceiveTask,PartyA,Activity D/PartyA//PartyC,2021-06-23 06:00:23.433000+00:00,case_188,m1_125,receive,m1
task,PartyC,Activity BZ/PartyC//,2021-06-23 06:00:23.515000+00:00,case_188,,,
task,PartyA,Activity B/PartyA//,2021-06-23 06:00:24.242000+00:00,case_188,,,
task,PartyC,Activity ZA/PartyC//,2021-06-23 06:09:24.278000+00:00,case_239,,,
task,PartyA,Activity A/PartyA//,2021-06-23 06:09:26.131000+00:00,case_239,,,
SendTask,PartyC,Activity DZ/PartyC/PartyA/,2021-06-23 06:09:29.761000+00:00,case_239,m1_158,send,m1
ReceiveTask,PartyA,Activity D/PartyA//PartyC,2021-06-23 06:09:34.151000+00:00,case_239,m1_158,receive,m1
SendTask,PartyC,Activity CZ/PartyC/PartyA/,2021-06-23 06:09:35.052000+00:00,case_239,m2_159,send,m2
task,PartyC,Activity BZ/PartyC//,2021-06-23 06:09:41.401000+00:00,case_239,,,
ReceiveTask,PartyA,Activity C/PartyA//PartyC,2021-06-23 06:09:48.125000+00:00,case_239,m2_159,receive,m2
task,PartyA,Activity B/PartyA//,2021-06-23 06:09:51.957000+00:00,case_239,,,
task,PartyC,Activity ZA/PartyC//,2021-06-23 05:38:59.262000+00:00,case_80,,,
task,PartyA,Activity A/PartyA//,2021-06-23 05:39:01.120000+00:00,case_80,,,
SendTask,PartyC,Activity DZ/PartyC/PartyA/,2021-06-23 05:39:07.186000+00:00,case_80,m1_52,send,m1
ReceiveTask,PartyA,Activity D/PartyA//PartyC,2021-06-23 05:39:13.446000+00:00,case_80,m1_52,receive,m1
SendTask,PartyC,Activity CZ/PartyC/PartyA/,2021-06-23 05:39:13.908000+00:00,case_80,m2_53,send,m2
task,PartyC,Activity BZ/PartyC//,2021-06-23 05:39:18.987000+00:00,case_80,,,
ReceiveTask,PartyA,Activity C/PartyA//PartyC,2021-06-23 05:39:24.641000+00:00,case_80,m2_53,receive,m2
task,PartyA,Activity B/PartyA//,2021-06-23 05:39:26.502000+00:00,case_80,,,
task,PartyC,Activity ZA/PartyC//,2021-06-23 05:53:18.980000+00:00,case_155,,,
task,PartyA,Activity A/PartyA//,2021-06-23 05:53:22.041000+00:00,case_155,,,
SendTask,PartyC,Activity DZ/PartyC/PartyA/,2021-06-23 05:53:26.331000+00:00,case_155,m1_103,send,m1
SendTask,PartyC,Activity CZ/PartyC/PartyA/,2021-06-23 05:53:30.853000+00:00,case_155,m2_102,send,m2
ReceiveTask,PartyA,Activity C/PartyA//PartyC,2021-06-23 05:53:42.240000+00:00,case_155,m2_102,receive,m2
task,PartyC,Activity BZ/PartyC//,2021-06-23 05:53:42.421000+00:00,case_155,,,
ReceiveTask,PartyA,Activity D/PartyA//PartyC,2021-06-23 05:53:47.699000+00:00,case_155,m1_103,receive,m1
task,PartyA,Activity B/PartyA//,2021-06-23 05:53:49.744000+00:00,case_155,,,
task,PartyA,Activity A/PartyA//,2021-06-23 06:02:22.168000+00:00,case_200,,,
task,PartyC,Activity ZA/PartyC//,2021-06-23 06:02:27.051000+00:00,case_200,,,
SendTask,PartyC,Activity DZ/PartyC/PartyA/,2021-06-23 06:02:29.091000+00:00,case_200,m1_132,send,m1
SendTask,PartyC,Activity CZ/PartyC/PartyA/,2021-06-23 06:02:33.484000+00:00,case_200,m2_133,send,m2
ReceiveTask,PartyA,Activity D/PartyA//PartyC,2021-06-23 06:02:41.865000+00:00,case_200,m1_132,receive,m1
ReceiveTask,PartyA,Activity C/PartyA//PartyC,2021-06-23 06:02:43.969000+00:00,case_200,m2_133,receive,m2
task,PartyC,Activity BZ/PartyC//,2021-06-23 06:02:49.053000+00:00,case_200,,,
task,PartyA,Activity B/PartyA//,2021-06-23 06:02:49.467000+00:00,case_200,,,
task,PartyC,Activity ZA/PartyC//,2021-06-23 06:05:06.419000+00:00,case_215,,,
task,PartyA,Activity A/PartyA//,2021-06-23 06:05:09.302000+00:00,case_215,,,
SendTask,PartyC,Activity DZ/PartyC/PartyA/,2021-06-23 06:05:14.325000+00:00,case_215,m1_142,send,m1
SendTask,PartyC,Activity CZ/PartyC/PartyA/,2021-06-23 06:05:19.242000+00:00,case_215,m2_143,send,m2
task,PartyC,Activity BZ/PartyC//,2021-06-23 06:05:26.851000+00:00,case_215,,,
ReceiveTask,PartyA,Activity D/PartyA//PartyC,2021-06-23 06:05:32.444000+00:00,case_215,m1_142,receive,m1
ReceiveTask,PartyA,Activity C/PartyA//PartyC,2021-06-23 06:05:34.577000+00:00,case_215,m2_143,receive,m2
task,PartyA,Activity B/PartyA//,2021-06-23 06:05:40.506000+00:00,case_215,,,
task,PartyC,Activity ZA/PartyC//,2021-06-23 05:35:15.255000+00:00,case_59,,,
SendTask,PartyC,Activity CZ/PartyC/PartyA/,2021-06-23 05:35:17.675000+00:00,case_59,m2_38,send,m2
task,PartyA,Activity A/PartyA//,2021-06-23 05:35:25.990000+00:00,case_59,,,
SendTask,PartyC,Activity DZ/PartyC/PartyA/,2021-06-23 05:35:30.546000+00:00,case_59,m1_39,send,m1
ReceiveTask,PartyA,Activity C/PartyA//PartyC,2021-06-23 05:35:34.639000+00:00,case_59,m2_38,receive,m2
ReceiveTask,PartyA,Activity D/PartyA//PartyC,2021-06-23 05:35:37.794000+00:00,case_59,m1_39,receive,m1
task,PartyC,Activity BZ/PartyC//,2021-06-23 05:35:42.458000+00:00,case_59,,,
task,PartyA,Activity B/PartyA//,2021-06-23 05:35:46.775000+00:00,case_59,,,
task,PartyA,Activity A/PartyA//,2021-06-23 06:16:37.954000+00:00,case_278,,,
task,PartyC,Activity ZA/PartyC//,2021-06-23 06:16:41.192000+00:00,case_278,,,
SendTask,PartyC,Activity DZ/PartyC/PartyA/,2021-06-23 06:16:45.357000+00:00,case_278,m1_185,send,m1
SendTask,PartyC,Activity CZ/PartyC/PartyA/,2021-06-23 06:16:45.436000+00:00,case_278,m2_184,send,m2
ReceiveTask,PartyA,Activity C/PartyA//PartyC,2021-06-23 06:16:57.668000+00:00,case_278,m2_184,receive,m2
task,PartyC,Activity BZ/PartyC//,2021-06-23 06:16:58.777000+00:00,case_278,,,
ReceiveTask,PartyA,Activity D/PartyA//PartyC,2021-06-23 06:17:04.024000+00:00,case_278,m1_185,receive,m1
task,PartyA,Activity B/PartyA//,2021-06-23 06:17:04.347000+00:00,case_278,,,
task,PartyA,Activity A/PartyA//,2021-06-23 06:11:01.635000+00:00,case_248,,,
task,PartyC,Activity ZA/PartyC//,2021-06-23 06:11:03.942000+00:00,case_248,,,
SendTask,PartyC,Activity CZ/PartyC/PartyA/,2021-06-23 06:11:06.216000+00:00,case_248,m2_164,send,m2
ReceiveTask,PartyA,Activity C/PartyA//PartyC,2021-06-23 06:11:11.118000+00:00,case_248,m2_164,receive,m2
SendTask,PartyC,Activity DZ/PartyC/PartyA/,2021-06-23 06:11:11.923000+00:00,case_248,m1_165,send,m1
ReceiveTask,PartyA,Activity D/PartyA//PartyC,2021-06-23 06:11:15.677000+00:00,case_248,m1_165,receive,m1
task,PartyA,Activity B/PartyA//,2021-06-23 06:11:27.517000+00:00,case_248,,,
task,PartyC,Activity BZ/PartyC//,2021-06-23 06:11:34.169000+00:00,case_248,,,
task,PartyA,Activity A/PartyA//,2021-06-23 05:45:45.322000+00:00,case_116,,,
task,PartyC,Activity ZA/PartyC//,2021-06-23 05:45:49.040000+00:00,case_116,,,
SendTask,PartyC,Activity DZ/PartyC/PartyA/,2021-06-23 05:45:49.813000+00:00,case_116,m1_76,send,m1
ReceiveTask,PartyA,Activity D/PartyA//PartyC,2021-06-23 05:45:53.929000+00:00,case_116,m1_76,receive,m1
SendTask,PartyC,Activity CZ/PartyC/PartyA/,2021-06-23 05:45:57.719000+00:00,case_116,m2_77,send,m2
ReceiveTask,PartyA,Activity C/PartyA//PartyC,2021-06-23 05:46:04.928000+00:00,case_116,m2_77,receive,m2
task,PartyC,Activity BZ/PartyC//,2021-06-23 05:46:11.099000+00:00,case_116,,,
task,PartyA,Activity B/PartyA//,2021-06-23 05:46:14.803000+00:00,case_116,,,
task,PartyC,Activity ZA/PartyC//,2021-06-23 06:06:11.265000+00:00,case_221,,,
task,PartyA,Activity A/PartyA//,2021-06-23 06:06:13.917000+00:00,case_221,,,
SendTask,PartyC,Activity CZ/PartyC/PartyA/,2021-06-23 06:06:18.181000+00:00,case_221,m2_146,send,m2
ReceiveTask,PartyA,Activity C/PartyA//PartyC,2021-06-23 06:06:20.560000+00:00,case_221,m2_146,receive,m2
SendTask,PartyC,Activity DZ/PartyC/PartyA/,2021-06-23 06:06:23.589000+00:00,case_221,m1_147,send,m1
ReceiveTask,PartyA,Activity D/PartyA//PartyC,2021-06-23 06:06:31.928000+00:00,case_221,m1_147,receive,m1
task,PartyC,Activity BZ/PartyC//,2021-06-23 06:06:36.760000+00:00,case_221,,,
task,PartyA,Activity B/PartyA//,2021-06-23 06:06:40.144000+00:00,case_221,,,
task,PartyA,Activity A/PartyA//,2021-06-23 05:55:48.867000+00:00,case_167,,,
task,PartyC,Activity ZA/PartyC//,2021-06-23 05:55:50.855000+00:00,case_167,,,
SendTask,PartyC,Activity DZ/PartyC/PartyA/,2021-06-23 05:55:54.847000+00:00,case_167,m1_110,send,m1
ReceiveTask,PartyA,Activity D/PartyA//PartyC,2021-06-23 05:56:01.465000+00:00,case_167,m1_110,receive,m1
SendTask,PartyC,Activity CZ/PartyC/PartyA/,2021-06-23 05:56:05.153000+00:00,case_167,m2_111,send,m2
ReceiveTask,PartyA,Activity C/PartyA//PartyC,2021-06-23 05:56:12.437000+00:00,case_167,m2_111,receive,m2
task,PartyC,Activity BZ/PartyC//,2021-06-23 05:56:15.212000+00:00,case_167,,,
task,PartyA,Activity B/PartyA//,2021-06-23 05:56:20.652000+00:00,case_167,,,
task,PartyA,Activity A/PartyA//,2021-06-23 05:35:47.734000+00:00,case_62,,,
task,PartyC,Activity ZA/PartyC//,2021-06-23 05:35:48.055000+00:00,case_62,,,
SendTask,PartyC,Activity DZ/PartyC/PartyA/,2021-06-23 05:35:48.255000+00:00,case_62,m1_40,send,m1
ReceiveTask,PartyA,Activity D/PartyA//PartyC,2021-06-23 05:35:52.052000+00:00,case_62,m1_40,receive,m1
SendTask,PartyC,Activity CZ/PartyC/PartyA/,2021-06-23 05:35:54.509000+00:00,case_62,m2_41,send,m2
task,PartyC,Activity BZ/PartyC//,2021-06-23 05:35:57.711000+00:00,case_62,,,
ReceiveTask,PartyA,Activity C/PartyA//PartyC,2021-06-23 05:36:03.171000+00:00,case_62,m2_41,receive,m2
task,PartyA,Activity B/PartyA//,2021-06-23 05:36:03.261000+00:00,case_62,,,
task,PartyA,Activity A/PartyA//,2021-06-23 05:40:06.308000+00:00,case_86,,,
task,PartyC,Activity ZA/PartyC//,2021-06-23 05:40:10.551000+00:00,case_86,,,
SendTask,PartyC,Activity CZ/PartyC/PartyA/,2021-06-23 05:40:14.123000+00:00,case_86,m2_57,send,m2
SendTask,PartyC,Activity DZ/PartyC/PartyA/,2021-06-23 05:40:15.649000+00:00,case_86,m1_56,send,m1
ReceiveTask,PartyA,Activity D/PartyA//PartyC,2021-06-23 05:40:20.062000+00:00,case_86,m1_56,receive,m1
ReceiveTask,PartyA,Activity C/PartyA//PartyC,2021-06-23 05:40:27.662000+00:00,case_86,m2_57,receive,m2
task,PartyA,Activity B/PartyA//,2021-06-23 05:40:40.024000+00:00,case_86,,,
task,PartyC,Activity BZ/PartyC//,2021-06-23 05:40:43.492000+00:00,case_86,,,
task,PartyC,Activity ZA/PartyC//,2021-06-23 05:32:33.029000+00:00,case_44,,,
SendTask,PartyC,Activity CZ/PartyC/PartyA/,2021-06-23 05:32:38.863000+00:00,case_44,m2_29,send,m2
SendTask,PartyC,Activity DZ/PartyC/PartyA/,2021-06-23 05:32:47.485000+00:00,case_44,m1_28,send,m1
task,PartyC,Activity BZ/PartyC//,2021-06-23 05:32:55.181000+00:00,case_44,,,
task,PartyA,Activity A/PartyA//,2021-06-23 05:32:57.687000+00:00,case_44,,,
ReceiveTask,PartyA,Activity D/PartyA//PartyC,2021-06-23 05:33:00.129000+00:00,case_44,m1_28,receive,m1
ReceiveTask,PartyA,Activity C/PartyA//PartyC,2021-06-23 05:33:00.169000+00:00,case_44,m2_29,receive,m2
task,PartyA,Activity B/PartyA//,2021-06-23 05:33:03.892000+00:00,case_44,,,
task,PartyC,Activity ZA/PartyC//,2021-06-23 05:34:08.158000+00:00,case_53,,,
task,PartyA,Activity A/PartyA//,2021-06-23 05:34:13.550000+00:00,case_53,,,
SendTask,PartyC,Activity CZ/PartyC/PartyA/,2021-06-23 05:34:15.193000+00:00,case_53,m2_34,send,m2
SendTask,PartyC,Activity DZ/PartyC/PartyA/,2021-06-23 05:34:19.672000+00:00,case_53,m1_35,send,m1
ReceiveTask,PartyA,Activity C/PartyA//PartyC,2021-06-23 05:34:24.984000+00:00,case_53,m2_34,receive,m2
ReceiveTask,PartyA,Activity D/PartyA//PartyC,2021-06-23 05:34:31.052000+00:00,case_53,m1_35,receive,m1
task,PartyC,Activity BZ/PartyC//,2021-06-23 05:34:34.536000+00:00,case_53,,,
task,PartyA,Activity B/PartyA//,2021-06-23 05:34:36.477000+00:00,case_53,,,
task,PartyC,Activity ZA/PartyC//,2021-06-23 05:48:17.054000+00:00,case_128,,,
SendTask,PartyC,Activity DZ/PartyC/PartyA/,2021-06-23 05:48:21.448000+00:00,case_128,m1_85,send,m1
task,PartyA,Activity A/PartyA//,2021-06-23 05:48:25.365000+00:00,case_128,,,
SendTask,PartyC,Activity CZ/PartyC/PartyA/,2021-06-23 05:48:30.332000+00:00,case_128,m2_84,send,m2
task,PartyC,Activity BZ/PartyC//,2021-06-23 05:48:32.384000+00:00,case_128,,,
ReceiveTask,PartyA,Activity C/PartyA//PartyC,2021-06-23 05:48:34.917000+00:00,case_128,m2_84,receive,m2
ReceiveTask,PartyA,Activity D/PartyA//PartyC,2021-06-23 05:48:35.262000+00:00,case_128,m1_85,receive,m1
task,PartyA,Activity B/PartyA//,2021-06-23 05:48:37.444000+00:00,case_128,,,
task,PartyC,Activity ZA/PartyC//,2021-06-23 05:42:50.077000+00:00,case_98,,,
SendTask,PartyC,Activity CZ/PartyC/PartyA/,2021-06-23 05:42:54.754000+00:00,case_98,m2_65,send,m2
task,PartyA,Activity A/PartyA//,2021-06-23 05:43:02.825000+00:00,case_98,,,
SendTask,PartyC,Activity DZ/PartyC/PartyA/,2021-06-23 05:43:03.960000+00:00,case_98,m1_64,send,m1
task,PartyC,Activity BZ/PartyC//,2021-06-23 05:43:07.339000+00:00,case_98,,,
ReceiveTask,PartyA,Activity D/PartyA//PartyC,2021-06-23 05:43:11.367000+00:00,case_98,m1_64,receive,m1
ReceiveTask,PartyA,Activity C/PartyA//PartyC,2021-06-23 05:43:19.633000+00:00,case_98,m2_65,receive,m2
task,PartyA,Activity B/PartyA//,2021-06-23 05:43:24.177000+00:00,case_98,,,
task,PartyC,Activity ZA/PartyC//,2021-06-23 05:40:50.842000+00:00,case_89,,,
task,PartyA,Activity A/PartyA//,2021-06-23 05:40:58.112000+00:00,case_89,,,
SendTask,PartyC,Activity CZ/PartyC/PartyA/,2021-06-23 05:40:58.611000+00:00,case_89,m2_58,send,m2
SendTask,PartyC,Activity DZ/PartyC/PartyA/,2021-06-23 05:41:02.675000+00:00,case_89,m1_59,send,m1
ReceiveTask,PartyA,Activity C/PartyA//PartyC,2021-06-23 05:41:04.222000+00:00,case_89,m2_58,receive,m2
ReceiveTask,PartyA,Activity D/PartyA//PartyC,2021-06-23 05:41:13.362000+00:00,case_89,m1_59,receive,m1
task,PartyC,Activity BZ/PartyC//,2021-06-23 05:41:14.678000+00:00,case_89,,,
task,PartyA,Activity B/PartyA//,2021-06-23 05:41:16.424000+00:00,case_89,,,
task,PartyC,Activity ZA/PartyC//,2021-06-23 06:13:33.041000+00:00,case_263,,,
task,PartyA,Activity A/PartyA//,2021-06-23 06:13:37.757000+00:00,case_263,,,
SendTask,PartyC,Activity DZ/PartyC/PartyA/,2021-06-23 06:13:42.053000+00:00,case_263,m1_174,send,m1
SendTask,PartyC,Activity CZ/PartyC/PartyA/,2021-06-23 06:13:46.061000+00:00,case_263,m2_175,send,m2
task,PartyC,Activity BZ/PartyC//,2021-06-23 06:13:55.422000+00:00,case_263,,,
ReceiveTask,PartyA,Activity D/PartyA//PartyC,2021-06-23 06:14:02.818000+00:00,case_263,m1_174,receive,m1
ReceiveTask,PartyA,Activity C/PartyA//PartyC,2021-06-23 06:14:06.932000+00:00,case_263,m2_175,receive,m2
task,PartyA,Activity B/PartyA//,2021-06-23 06:14:12.281000+00:00,case_263,,,
task,PartyC,Activity ZA/PartyC//,2021-06-23 05:41:23.688000+00:00,case_92,,,
task,PartyA,Activity A/PartyA//,2021-06-23 05:41:33.652000+00:00,case_92,,,
SendTask,PartyC,Activity CZ/PartyC/PartyA/,2021-06-23 05:41:38.301000+00:00,case_92,m2_60,send,m2
ReceiveTask,PartyA,Activity C/PartyA//PartyC,2021-06-23 05:41:44.442000+00:00,case_92,m2_60,receive,m2
SendTask,PartyC,Activity DZ/PartyC/PartyA/,2021-06-23 05:41:48.747000+00:00,case_92,m1_61,send,m1
ReceiveTask,PartyA,Activity D/PartyA//PartyC,2021-06-23 05:41:54.751000+00:00,case_92,m1_61,receive,m1
task,PartyA,Activity B/PartyA//,2021-06-23 05:42:03.031000+00:00,case_92,,,
task,PartyC,Activity BZ/PartyC//,2021-06-23 05:42:05.261000+00:00,case_92,,,
task,PartyC,Activity ZA/PartyC//,2021-06-23 05:25:20.827000+00:00,case_5,,,
task,PartyA,Activity A/PartyA//,2021-06-23 05:25:26.679000+00:00,case_5,,,
SendTask,PartyC,Activity CZ/PartyC/PartyA/,2021-06-23 05:25:31.218000+00:00,case_5,m2_2,send,m2
ReceiveTask,PartyA,Activity C/PartyA//PartyC,2021-06-23 05:25:36.934000+00:00,case_5,m2_2,receive,m2
SendTask,PartyC,Activity DZ/PartyC/PartyA/,2021-06-23 05:25:40.914000+00:00,case_5,m1_3,send,m1
ReceiveTask,PartyA,Activity D/PartyA//PartyC,2021-06-23 05:25:45.887000+00:00,case_5,m1_3,receive,m1
task,PartyC,Activity BZ/PartyC//,2021-06-23 05:25:48.549000+00:00,case_5,,,
task,PartyA,Activity B/PartyA//,2021-06-23 05:25:48.558000+00:00,case_5,,,
task,PartyA,Activity A/PartyA//,2021-06-23 06:19:38.500000+00:00,case_293,,,
task,PartyC,Activity ZA/PartyC//,2021-06-23 06:19:41.346000+00:00,case_293,,,
SendTask,PartyC,Activity CZ/PartyC/PartyA/,2021-06-23 06:19:41.685000+00:00,case_293,m2_194,send,m2
ReceiveTask,PartyA,Activity C/PartyA//PartyC,2021-06-23 06:19:51.394000+00:00,case_293,m2_194,receive,m2
SendTask,PartyC,Activity DZ/PartyC/PartyA/,2021-06-23 06:19:55.887000+00:00,case_293,m1_195,send,m1
task,PartyC,Activity BZ/PartyC//,2021-06-23 06:20:03.572000+00:00,case_293,,,
ReceiveTask,PartyA,Activity D/PartyA//PartyC,2021-06-23 06:20:09.734000+00:00,case_293,m1_195,receive,m1
task,PartyA,Activity B/PartyA//,2021-06-23 06:20:10.935000+00:00,case_293,,,
task,PartyA,Activity A/PartyA//,2021-06-23 05:28:22.916000+00:00,case_23,,,
task,PartyC,Activity ZA/PartyC//,2021-06-23 05:28:23.413000+00:00,case_23,,,
SendTask,PartyC,Activity CZ/PartyC/PartyA/,2021-06-23 05:28:23.684000+00:00,case_23,m2_15,send,m2
SendTask,PartyC,Activity DZ/PartyC/PartyA/,2021-06-23 05:28:27.443000+00:00,case_23,m1_14,send,m1
ReceiveTask,PartyA,Activity D/PartyA//PartyC,2021-06-23 05:28:36.611000+00:00,case_23,m1_14,receive,m1
task,PartyC,Activity BZ/PartyC//,2021-06-23 05:28:41.360000+00:00,case_23,,,
ReceiveTask,PartyA,Activity C/PartyA//PartyC,2021-06-23 05:28:49.846000+00:00,case_23,m2_15,receive,m2
task,PartyA,Activity B/PartyA//,2021-06-23 05:28:53.521000+00:00,case_23,,,
task,PartyA,Activity A/PartyA//,2021-06-23 06:17:50.433000+00:00,case_284,,,
task,PartyC,Activity ZA/PartyC//,2021-06-23 06:17:51.168000+00:00,case_284,,,
SendTask,PartyC,Activity DZ/PartyC/PartyA/,2021-06-23 06:17:54.673000+00:00,case_284,m1_188,send,m1
ReceiveTask,PartyA,Activity D/PartyA//PartyC,2021-06-23 06:17:58.151000+00:00,case_284,m1_188,receive,m1
SendTask,PartyC,Activity CZ/PartyC/PartyA/,2021-06-23 06:18:02.222000+00:00,case_284,m2_189,send,m2
ReceiveTask,PartyA,Activity C/PartyA//PartyC,2021-06-23 06:18:05.925000+00:00,case_284,m2_189,receive,m2
task,PartyC,Activity BZ/PartyC//,2021-06-23 06:18:13.055000+00:00,case_284,,,
task,PartyA,Activity B/PartyA//,2021-06-23 06:18:16.884000+00:00,case_284,,,
task,PartyA,Activity A/PartyA//,2021-06-23 05:56:27.661000+00:00,case_170,,,
task,PartyC,Activity ZA/PartyC//,2021-06-23 05:56:35.396000+00:00,case_170,,,
SendTask,PartyC,Activity CZ/PartyC/PartyA/,2021-06-23 05:56:39.622000+00:00,case_170,m2_112,send,m2
ReceiveTask,PartyA,Activity C/PartyA//PartyC,2021-06-23 05:56:45.531000+00:00,case_170,m2_112,receive,m2
SendTask,PartyC,Activity DZ/PartyC/PartyA/,2021-06-23 05:56:50.015000+00:00,case_170,m1_113,send,m1
ReceiveTask,PartyA,Activity D/PartyA//PartyC,2021-06-23 05:56:57.697000+00:00,case_170,m1_113,receive,m1
task,PartyC,Activity BZ/PartyC//,2021-06-23 05:56:59.469000+00:00,case_170,,,
task,PartyA,Activity B/PartyA//,2021-06-23 05:57:03.493000+00:00,case_170,,,
task,PartyA,Activity A/PartyA//,2021-06-23 06:06:46.866000+00:00,case_224,,,
task,PartyC,Activity ZA/PartyC//,2021-06-23 06:06:48.250000+00:00,case_224,,,
SendTask,PartyC,Activity CZ/PartyC/PartyA/,2021-06-23 06:06:49.419000+00:00,case_224,m2_148,send,m2
ReceiveTask,PartyA,Activity C/PartyA//PartyC,2021-06-23 06:06:53.691000+00:00,case_224,m2_148,receive,m2
SendTask,PartyC,Activity DZ/PartyC/PartyA/,2021-06-23 06:06:54.733000+00:00,case_224,m1_149,send,m1
ReceiveTask,PartyA,Activity D/PartyA//PartyC,2021-06-23 06:06:58.682000+00:00,case_224,m1_149,receive,m1
task,PartyC,Activity BZ/PartyC//,2021-06-23 06:07:07.235000+00:00,case_224,,,
task,PartyA,Activity B/PartyA//,2021-06-23 06:07:08.583000+00:00,case_224,,,
task,PartyA,Activity A/PartyA//,2021-06-23 05:52:45.142000+00:00,case_152,,,
task,PartyC,Activity ZA/PartyC//,2021-06-23 05:52:45.580000+00:00,case_152,,,
SendTask,PartyC,Activity DZ/PartyC/PartyA/,2021-06-23 05:52:47.038000+00:00,case_152,m1_101,send,m1
SendTask,PartyC,Activity CZ/PartyC/PartyA/,2021-06-23 05:52:51.613000+00:00,case_152,m2_100,send,m2
task,PartyC,Activity BZ/PartyC//,2021-06-23 05:53:00.276000+00:00,case_152,,,
ReceiveTask,PartyA,Activity C/PartyA//PartyC,2021-06-23 05:53:11.641000+00:00,case_152,m2_100,receive,m2
ReceiveTask,PartyA,Activity D/PartyA//PartyC,2021-06-23 05:53:14.909000+00:00,case_152,m1_101,receive,m1
task,PartyA,Activity B/PartyA//,2021-06-23 05:53:16.811000+00:00,case_152,,,
task,PartyA,Activity A/PartyA//,2021-06-23 05:36:07.566000+00:00,case_65,,,
task,PartyC,Activity ZA/PartyC//,2021-06-23 05:36:10.214000+00:00,case_65,,,
SendTask,PartyC,Activity CZ/PartyC/PartyA/,2021-06-23 05:36:13.163000+00:00,case_65,m2_43,send,m2
SendTask,PartyC,Activity DZ/PartyC/PartyA/,2021-06-23 05:36:15.844000+00:00,case_65,m1_42,send,m1
task,PartyC,Activity BZ/PartyC//,2021-06-23 05:36:28.272000+00:00,case_65,,,
ReceiveTask,PartyA,Activity D/PartyA//PartyC,2021-06-23 05:36:32.318000+00:00,case_65,m1_42,receive,m1
ReceiveTask,PartyA,Activity C/PartyA//PartyC,2021-06-23 05:36:34.819000+00:00,case_65,m2_43,receive,m2
task,PartyA,Activity B/PartyA//,2021-06-23 05:36:38.996000+00:00,case_65,,,
task,PartyA,Activity A/PartyA//,2021-06-23 06:15:36.065000+00:00,case_272,,,
task,PartyC,Activity ZA/PartyC//,2021-06-23 06:15:38.558000+00:00,case_272,,,
SendTask,PartyC,Activity CZ/PartyC/PartyA/,2021-06-23 06:15:43.856000+00:00,case_272,m2_180,send,m2
ReceiveTask,PartyA,Activity C/PartyA//PartyC,2021-06-23 06:15:51.900000+00:00,case_272,m2_180,receive,m2
SendTask,PartyC,Activity DZ/PartyC/PartyA/,2021-06-23 06:15:56.402000+00:00,case_272,m1_181,send,m1
ReceiveTask,PartyA,Activity D/PartyA//PartyC,2021-06-23 06:15:58.859000+00:00,case_272,m1_181,receive,m1
task,PartyC,Activity BZ/PartyC//,2021-06-23 06:16:00.685000+00:00,case_272,,,
task,PartyA,Activity B/PartyA//,2021-06-23 06:16:11.141000+00:00,case_272,,,
task,PartyC,Activity ZA/PartyC//,2021-06-23 05:57:07.686000+00:00,case_173,,,
SendTask,PartyC,Activity CZ/PartyC/PartyA/,2021-06-23 05:57:19.557000+00:00,case_173,m2_115,send,m2
SendTask,PartyC,Activity DZ/PartyC/PartyA/,2021-06-23 05:57:22.115000+00:00,case_173,m1_114,send,m1
task,PartyA,Activity A/PartyA//,2021-06-23 05:57:23.722000+00:00,case_173,,,
ReceiveTask,PartyA,Activity D/PartyA//PartyC,2021-06-23 05:57:33.465000+00:00,case_173,m1_114,receive,m1
ReceiveTask,PartyA,Activity C/PartyA//PartyC,2021-06-23 05:57:39.139000+00:00,case_173,m2_115,receive,m2
task,PartyC,Activity BZ/PartyC//,2021-06-23 05:57:45.079000+00:00,case_173,,,
task,PartyA,Activity B/PartyA//,2021-06-23 05:57:51.415000+00:00,case_173,,,
task,PartyA,Activity A/PartyA//,2021-06-23 05:42:12.583000+00:00,case_95,,,
task,PartyC,Activity ZA/PartyC//,2021-06-23 05:42:17.309000+00:00,case_95,,,
SendTask,PartyC,Activity CZ/PartyC/PartyA/,2021-06-23 05:42:22.133000+00:00,case_95,m2_62,send,m2
SendTask,PartyC,Activity DZ/PartyC/PartyA/,2021-06-23 05:42:26.818000+00:00,case_95,m1_63,send,m1
task,PartyC,Activity BZ/PartyC//,2021-06-23 05:42:35.494000+00:00,case_95,,,
ReceiveTask,PartyA,Activity C/PartyA//PartyC,2021-06-23 05:42:42.446000+00:00,case_95,m2_62,receive,m2
ReceiveTask,PartyA,Activity D/PartyA//PartyC,2021-06-23 05:42:45.871000+00:00,case_95,m1_63,receive,m1
task,PartyA,Activity B/PartyA//,2021-06-23 05:42:46.178000+00:00,case_95,,,
task,PartyC,Activity ZA/PartyC//,2021-06-23 06:01:38.940000+00:00,case_197,,,
SendTask,PartyC,Activity CZ/PartyC/PartyA/,2021-06-23 06:01:47.334000+00:00,case_197,m2_130,send,m2
SendTask,PartyC,Activity DZ/PartyC/PartyA/,2021-06-23 06:01:53.135000+00:00,case_197,m1_131,send,m1
task,PartyC,Activity BZ/PartyC//,2021-06-23 06:02:01.959000+00:00,case_197,,,
task,PartyA,Activity A/PartyA//,2021-06-23 06:02:05.413000+00:00,case_197,,,
ReceiveTask,PartyA,Activity C/PartyA//PartyC,2021-06-23 06:02:09.444000+00:00,case_197,m2_130,receive,m2
ReceiveTask,PartyA,Activity D/PartyA//PartyC,2021-06-23 06:02:10.181000+00:00,case_197,m1_131,receive,m1
task,PartyA,Activity B/PartyA//,2021-06-23 06:02:11.977000+00:00,case_197,,,
task,PartyC,Activity ZA/PartyC//,2021-06-23 05:50:05.473000+00:00,case_140,,,
SendTask,PartyC,Activity CZ/PartyC/PartyA/,2021-06-23 05:50:10.166000+00:00,case_140,m2_93,send,m2
SendTask,PartyC,Activity DZ/PartyC/PartyA/,2021-06-23 05:50:15.818000+00:00,case_140,m1_92,send,m1
task,PartyC,Activity BZ/PartyC//,2021-06-23 05:50:20.372000+00:00,case_140,,,
task,PartyA,Activity A/PartyA//,2021-06-23 05:50:26.244000+00:00,case_140,,,
ReceiveTask,PartyA,Activity D/PartyA//PartyC,2021-06-23 05:50:31.499000+00:00,case_140,m1_92,receive,m1
ReceiveTask,PartyA,Activity C/PartyA//PartyC,2021-06-23 05:50:34.555000+00:00,case_140,m2_93,receive,m2
task,PartyA,Activity B/PartyA//,2021-06-23 05:50:38.996000+00:00,case_140,,,
task,PartyC,Activity ZA/PartyC//,2021-06-23 05:51:27.742000+00:00,case_146,,,
task,PartyA,Activity A/PartyA//,2021-06-23 05:51:32.923000+00:00,case_146,,,
SendTask,PartyC,Activity CZ/PartyC/PartyA/,2021-06-23 05:51:38.876000+00:00,case_146,m2_96,send,m2
ReceiveTask,PartyA,Activity C/PartyA//PartyC,2021-06-23 05:51:45.817000+00:00,case_146,m2_96,receive,m2
SendTask,PartyC,Activity DZ/PartyC/PartyA/,2021-06-23 05:51:47.980000+00:00,case_146,m1_97,send,m1
task,PartyC,Activity BZ/PartyC//,2021-06-23 05:51:55.333000+00:00,case_146,,,
ReceiveTask,PartyA,Activity D/PartyA//PartyC,2021-06-23 05:52:05.384000+00:00,case_146,m1_97,receive,m1
task,PartyA,Activity B/PartyA//,2021-06-23 05:52:07.720000+00:00,case_146,,,
task,PartyA,Activity A/PartyA//,2021-06-23 06:18:19.103000+00:00,case_287,,,
task,PartyC,Activity ZA/PartyC//,2021-06-23 06:18:26.143000+00:00,case_287,,,
SendTask,PartyC,Activity CZ/PartyC/PartyA/,2021-06-23 06:18:29.918000+00:00,case_287,m2_190,send,m2
SendTask,PartyC,Activity DZ/PartyC/PartyA/,2021-06-23 06:18:31.593000+00:00,case_287,m1_191,send,m1
ReceiveTask,PartyA,Activity C/PartyA//PartyC,2021-06-23 06:18:37.374000+00:00,case_287,m2_190,receive,m2
ReceiveTask,PartyA,Activity D/PartyA//PartyC,2021-06-23 06:18:43.005000+00:00,case_287,m1_191,receive,m1
task,PartyC,Activity BZ/PartyC//,2021-06-23 06:18:43.073000+00:00,case_287,,,
task,PartyA,Activity B/PartyA//,2021-06-23 06:18:48.071000+00:00,case_287,,,
task,PartyC,Activity ZA/PartyC//,2021-06-23 06:07:47.138000+00:00,case_230,,,
SendTask,PartyC,Activity DZ/PartyC/PartyA/,2021-06-23 06:07:52.751000+00:00,case_230,m1_153,send,m1
SendTask,PartyC,Activity CZ/PartyC/PartyA/,2021-06-23 06:07:57.906000+00:00,case_230,m2_152,send,m2
task,PartyA,Activity A/PartyA//,2021-06-23 06:08:01.390000+00:00,case_230,,,
ReceiveTask,PartyA,Activity C/PartyA//PartyC,2021-06-23 06:08:10.083000+00:00,case_230,m2_152,receive,m2
ReceiveTask,PartyA,Activity D/PartyA//PartyC,2021-06-23 06:08:15.366000+00:00,case_230,m1_153,receive,m1
task,PartyC,Activity BZ/PartyC//,2021-06-23 06:08:18.384000+00:00,case_230,,,
task,PartyA,Activity B/PartyA//,2021-06-23 06:08:20.167000+00:00,case_230,,,
task,PartyA,Activity A/PartyA//,2021-06-23 05:47:10.329000+00:00,case_122,,,
task,PartyC,Activity ZA/PartyC//,2021-06-23 05:47:14.948000+00:00,case_122,,,
SendTask,PartyC,Activity CZ/PartyC/PartyA/,2021-06-23 05:47:16.721000+00:00,case_122,m2_80,send,m2
ReceiveTask,PartyA,Activity C/PartyA//PartyC,2021-06-23 05:47:20.429000+00:00,case_122,m2_80,receive,m2
SendTask,PartyC,Activity DZ/PartyC/PartyA/,2021-06-23 05:47:22.187000+00:00,case_122,m1_81,send,m1
ReceiveTask,PartyA,Activity D/PartyA//PartyC,2021-06-23 05:47:26.345000+00:00,case_122,m1_81,receive,m1
task,PartyA,Activity B/PartyA//,2021-06-23 05:47:36.859000+00:00,case_122,,,
task,PartyC,Activity BZ/PartyC//,2021-06-23 05:47:37.442000+00:00,case_122,,,
task,PartyC,Activity ZA/PartyC//,2021-06-23 05:44:49.576000+00:00,case_110,,,
task,PartyA,Activity A/PartyA//,2021-06-23 05:44:54.367000+00:00,case_110,,,
SendTask,PartyC,Activity DZ/PartyC/PartyA/,2021-06-23 05:44:56.466000+00:00,case_110,m1_73,send,m1
SendTask,PartyC,Activity CZ/PartyC/PartyA/,2021-06-23 05:44:59.872000+00:00,case_110,m2_72,send,m2
task,PartyC,Activity BZ/PartyC//,2021-06-23 05:45:06.465000+00:00,case_110,,,
ReceiveTask,PartyA,Activity C/PartyA//PartyC,2021-06-23 05:45:09.807000+00:00,case_110,m2_72,receive,m2
ReceiveTask,PartyA,Activity D/PartyA//PartyC,2021-06-23 05:45:15.890000+00:00,case_110,m1_73,receive,m1
task,PartyA,Activity B/PartyA//,2021-06-23 05:45:17.210000+00:00,case_110,,,
task,PartyA,Activity A/PartyA//,2021-06-23 06:20:19.163000+00:00,case_296,,,
task,PartyC,Activity ZA/PartyC//,2021-06-23 06:20:23.735000+00:00,case_296,,,
SendTask,PartyC,Activity DZ/PartyC/PartyA/,2021-06-23 06:20:26.613000+00:00,case_296,m1_197,send,m1
SendTask,PartyC,Activity CZ/PartyC/PartyA/,2021-06-23 06:20:29.685000+00:00,case_296,m2_196,send,m2
ReceiveTask,PartyA,Activity C/PartyA//PartyC,2021-06-23 06:20:34.367000+00:00,case_296,m2_196,receive,m2
ReceiveTask,PartyA,Activity D/PartyA//PartyC,2021-06-23 06:20:44.738000+00:00,case_296,m1_197,receive,m1
task,PartyA,Activity B/PartyA//,2021-06-23 06:20:52.085000+00:00,case_296,,,
task,PartyC,Activity BZ/PartyC//,2021-06-23 06:20:53.937000+00:00,case_296,,,
task,PartyA,Activity A/PartyA//,2021-06-23 06:01:06.841000+00:00,case_194,,,
task,PartyC,Activity ZA/PartyC//,2021-06-23 06:01:10.020000+00:00,case_194,,,
SendTask,PartyC,Activity CZ/PartyC/PartyA/,2021-06-23 06:01:13.934000+00:00,case_194,m2_128,send,m2
SendTask,PartyC,Activity DZ/PartyC/PartyA/,2021-06-23 06:01:15.788000+00:00,case_194,m1_129,send,m1
ReceiveTask,PartyA,Activity C/PartyA//PartyC,2021-06-23 06:01:22.318000+00:00,case_194,m2_128,receive,m2
ReceiveTask,PartyA,Activity D/PartyA//PartyC,2021-06-23 06:01:31.531000+00:00,case_194,m1_129,receive,m1
task,PartyC,Activity BZ/PartyC//,2021-06-23 06:01:36.036000+00:00,case_194,,,
task,PartyA,Activity B/PartyA//,2021-06-23 06:01:36.452000+00:00,case_194,,,
task,PartyA,Activity A/PartyA//,2021-06-23 06:05:44.920000+00:00,case_218,,,
task,PartyC,Activity ZA/PartyC//,2021-06-23 06:05:49.488000+00:00,case_218,,,
SendTask,PartyC,Activity CZ/PartyC/PartyA/,2021-06-23 06:05:50.056000+00:00,case_218,m2_145,send,m2
SendTask,PartyC,Activity DZ/PartyC/PartyA/,2021-06-23 06:05:53.009000+00:00,case_218,m1_144,send,m1
ReceiveTask,PartyA,Activity D/PartyA//PartyC,2021-06-23 06:05:59.067000+00:00,case_218,m1_144,receive,m1
task,PartyC,Activity BZ/PartyC//,2021-06-23 06:06:02.578000+00:00,case_218,,,
ReceiveTask,PartyA,Activity C/PartyA//PartyC,2021-06-23 06:06:07.263000+00:00,case_218,m2_145,receive,m2
task,PartyA,Activity B/PartyA//,2021-06-23 06:06:10.492000+00:00,case_218,,,
task,PartyA,Activity A/PartyA//,2021-06-23 05:39:34.962000+00:00,case_83,,,
task,PartyC,Activity ZA/PartyC//,2021-06-23 05:39:41.135000+00:00,case_83,,,
SendTask,PartyC,Activity CZ/PartyC/PartyA/,2021-06-23 05:39:42.130000+00:00,case_83,m2_55,send,m2
SendTask,PartyC,Activity DZ/PartyC/PartyA/,2021-06-23 05:39:45.357000+00:00,case_83,m1_54,send,m1
ReceiveTask,PartyA,Activity D/PartyA//PartyC,2021-06-23 05:39:51.002000+00:00,case_83,m1_54,receive,m1
ReceiveTask,PartyA,Activity C/PartyA//PartyC,2021-06-23 05:39:52.908000+00:00,case_83,m2_55,receive,m2
task,PartyA,Activity B/PartyA//,2021-06-23 05:39:57.656000+00:00,case_83,,,
task,PartyC,Activity BZ/PartyC//,2021-06-23 05:39:57.855000+00:00,case_83,,,
task,PartyC,Activity ZA/PartyC//,2021-06-23 05:43:48.160000+00:00,case_104,,,
task,PartyA,Activity A/PartyA//,2021-06-23 05:43:54.920000+00:00,case_104,,,
SendTask,PartyC,Activity CZ/PartyC/PartyA/,2021-06-23 05:43:58.696000+00:00,case_104,m2_68,send,m2
ReceiveTask,PartyA,Activity C/PartyA//PartyC,2021-06-23 05:44:01.667000+00:00,case_104,m2_68,receive,m2
SendTask,PartyC,Activity DZ/PartyC/PartyA/,2021-06-23 05:44:06.432000+00:00,case_104,m1_69,send,m1
ReceiveTask,PartyA,Activity D/PartyA//PartyC,2021-06-23 05:44:09.152000+00:00,case_104,m1_69,receive,m1
task,PartyC,Activity BZ/PartyC//,2021-06-23 05:44:09.915000+00:00,case_104,,,
task,PartyA,Activity B/PartyA//,2021-06-23 05:44:10.353000+00:00,case_104,,,
task,PartyA,Activity A/PartyA//,2021-06-23 06:08:22.558000+00:00,case_233,,,
task,PartyC,Activity ZA/PartyC//,2021-06-23 06:08:23.513000+00:00,case_233,,,
SendTask,PartyC,Activity DZ/PartyC/PartyA/,2021-06-23 06:08:24.697000+00:00,case_233,m1_154,send,m1
ReceiveTask,PartyA,Activity D/PartyA//PartyC,2021-06-23 06:08:28.855000+00:00,case_233,m1_154,receive,m1
SendTask,PartyC,Activity CZ/PartyC/PartyA/,2021-06-23 06:08:29.554000+00:00,case_233,m2_155,send,m2
ReceiveTask,PartyA,Activity C/PartyA//PartyC,2021-06-23 06:08:39.235000+00:00,case_233,m2_155,receive,m2
task,PartyC,Activity BZ/PartyC//,2021-06-23 06:08:43.272000+00:00,case_233,,,
task,PartyA,Activity B/PartyA//,2021-06-23 06:08:46.285000+00:00,case_233,,,
task,PartyA,Activity A/PartyA//,2021-06-23 06:08:50.177000+00:00,case_236,,,
task,PartyC,Activity ZA/PartyC//,2021-06-23 06:08:56.541000+00:00,case_236,,,
SendTask,PartyC,Activity DZ/PartyC/PartyA/,2021-06-23 06:08:57.610000+00:00,case_236,m1_157,send,m1
SendTask,PartyC,Activity CZ/PartyC/PartyA/,2021-06-23 06:09:02.402000+00:00,case_236,m2_156,send,m2
task,PartyC,Activity BZ/PartyC//,2021-06-23 06:09:13.693000+00:00,case_236,,,
ReceiveTask,PartyA,Activity C/PartyA//PartyC,2021-06-23 06:09:17.143000+00:00,case_236,m2_156,receive,m2
ReceiveTask,PartyA,Activity D/PartyA//PartyC,2021-06-23 06:09:18.757000+00:00,case_236,m1_157,receive,m1
task,PartyA,Activity B/PartyA//,2021-06-23 06:09:20.961000+00:00,case_236,,,
task,PartyA,Activity A/PartyA//,2021-06-23 06:16:15.235000+00:00,case_275,,,
task,PartyC,Activity ZA/PartyC//,2021-06-23 06:16:18.139000+00:00,case_275,,,
SendTask,PartyC,Activity DZ/PartyC/PartyA/,2021-06-23 06:16:18.514000+00:00,case_275,m1_182,send,m1
ReceiveTask,PartyA,Activity D/PartyA//PartyC,2021-06-23 06:16:20.324000+00:00,case_275,m1_182,receive,m1
SendTask,PartyC,Activity CZ/PartyC/PartyA/,2021-06-23 06:16:20.794000+00:00,case_275,m2_183,send,m2
ReceiveTask,PartyA,Activity C/PartyA//PartyC,2021-06-23 06:16:30.208000+00:00,case_275,m2_183,receive,m2
task,PartyC,Activity BZ/PartyC//,2021-06-23 06:16:32.609000+00:00,case_275,,,
task,PartyA,Activity B/PartyA//,2021-06-23 06:16:34.240000+00:00,case_275,,,
task,PartyC,Activity ZA/PartyC//,2021-06-23 06:18:53.350000+00:00,case_290,,,
task,PartyA,Activity A/PartyA//,2021-06-23 06:18:58.596000+00:00,case_290,,,
SendTask,PartyC,Activity CZ/PartyC/PartyA/,2021-06-23 06:19:05.238000+00:00,case_290,m2_192,send,m2
ReceiveTask,PartyA,Activity C/PartyA//PartyC,2021-06-23 06:19:10.049000+00:00,case_290,m2_192,receive,m2
SendTask,PartyC,Activity DZ/PartyC/PartyA/,2021-06-23 06:19:13.110000+00:00,case_290,m1_193,send,m1
task,PartyC,Activity BZ/PartyC//,2021-06-23 06:19:17.422000+00:00,case_290,,,
ReceiveTask,PartyA,Activity D/PartyA//PartyC,2021-06-23 06:19:26.361000+00:00,case_290,m1_193,receive,m1
task,PartyA,Activity B/PartyA//,2021-06-23 06:19:31.295000+00:00,case_290,,,
task,PartyC,Activity ZA/PartyC//,2021-06-23 06:11:34.220000+00:00,case_251,,,
task,PartyA,Activity A/PartyA//,2021-06-23 06:11:40.973000+00:00,case_251,,,
SendTask,PartyC,Activity DZ/PartyC/PartyA/,2021-06-23 06:11:44.003000+00:00,case_251,m1_167,send,m1
SendTask,PartyC,Activity CZ/PartyC/PartyA/,2021-06-23 06:11:44.329000+00:00,case_251,m2_166,send,m2
ReceiveTask,PartyA,Activity C/PartyA//PartyC,2021-06-23 06:11:51.513000+00:00,case_251,m2_166,receive,m2
task,PartyC,Activity BZ/PartyC//,2021-06-23 06:11:52.330000+00:00,case_251,,,
ReceiveTask,PartyA,Activity D/PartyA//PartyC,2021-06-23 06:11:59.513000+00:00,case_251,m1_167,receive,m1
task,PartyA,Activity B/PartyA//,2021-06-23 06:11:59.864000+00:00,case_251,,,
task,PartyA,Activity A/PartyA//,2021-06-23 06:17:12.860000+00:00,case_281,,,
task,PartyC,Activity ZA/PartyC//,2021-06-23 06:17:19.023000+00:00,case_281,,,
SendTask,PartyC,Activity CZ/PartyC/PartyA/,2021-06-23 06:17:19.958000+00:00,case_281,m2_186,send,m2
ReceiveTask,PartyA,Activity C/PartyA//PartyC,2021-06-23 06:17:21.107000+00:00,case_281,m2_186,receive,m2
SendTask,PartyC,Activity DZ/PartyC/PartyA/,2021-06-23 06:17:21.897000+00:00,case_281,m1_187,send,m1
task,PartyC,Activity BZ/PartyC//,2021-06-23 06:17:27.217000+00:00,case_281,,,
ReceiveTask,PartyA,Activity D/PartyA//PartyC,2021-06-23 06:17:39.744000+00:00,case_281,m1_187,receive,m1
task,PartyA,Activity B/PartyA//,2021-06-23 06:17:40.794000+00:00,case_281,,,
task,PartyA,Activity A/PartyA//,2021-06-23 05:50:42.257000+00:00,case_143,,,
task,PartyC,Activity ZA/PartyC//,2021-06-23 05:50:47.729000+00:00,case_143,,,
SendTask,PartyC,Activity CZ/PartyC/PartyA/,2021-06-23 05:50:50.111000+00:00,case_143,m2_94,send,m2
SendTask,PartyC,Activity DZ/PartyC/PartyA/,2021-06-23 05:50:54.192000+00:00,case_143,m1_95,send,m1
ReceiveTask,PartyA,Activity C/PartyA//PartyC,2021-06-23 05:51:02.987000+00:00,case_143,m2_94,receive,m2
ReceiveTask,PartyA,Activity D/PartyA//PartyC,2021-06-23 05:51:13.512000+00:00,case_143,m1_95,receive,m1
task,PartyA,Activity B/PartyA//,2021-06-23 05:51:18.706000+00:00,case_143,,,
task,PartyC,Activity BZ/PartyC//,2021-06-23 05:51:19.849000+00:00,case_143,,,
task,PartyC,Activity ZA/PartyC//,2021-06-23 06:04:33.230000+00:00,case_212,,,
task,PartyA,Activity A/PartyA//,2021-06-23 06:04:37.414000+00:00,case_212,,,
SendTask,PartyC,Activity CZ/PartyC/PartyA/,2021-06-23 06:04:37.863000+00:00,case_212,m2_140,send,m2
ReceiveTask,PartyA,Activity C/PartyA//PartyC,2021-06-23 06:04:40.853000+00:00,case_212,m2_140,receive,m2
SendTask,PartyC,Activity DZ/PartyC/PartyA/,2021-06-23 06:04:44.299000+00:00,case_212,m1_141,send,m1
ReceiveTask,PartyA,Activity D/PartyA//PartyC,2021-06-23 06:04:50.302000+00:00,case_212,m1_141,receive,m1
task,PartyC,Activity BZ/PartyC//,2021-06-23 06:04:57.564000+00:00,case_212,,,
task,PartyA,Activity B/PartyA//,2021-06-23 06:05:02.533000+00:00,case_212,,,
task,PartyA,Activity A/PartyA//,2021-06-23 06:12:01.177000+00:00,case_254,,,
task,PartyC,Activity ZA/PartyC//,2021-06-23 06:12:05.375000+00:00,case_254,,,
SendTask,PartyC,Activity DZ/PartyC/PartyA/,2021-06-23 06:12:10.009000+00:00,case_254,m1_169,send,m1
SendTask,PartyC,Activity CZ/PartyC/PartyA/,2021-06-23 06:12:14.210000+00:00,case_254,m2_168,send,m2
ReceiveTask,PartyA,Activity C/PartyA//PartyC,2021-06-23 06:12:20.053000+00:00,case_254,m2_168,receive,m2
task,PartyC,Activity BZ/PartyC//,2021-06-23 06:12:24.217000+00:00,case_254,,,
ReceiveTask,PartyA,Activity D/PartyA//PartyC,2021-06-23 06:12:27.930000+00:00,case_254,m1_169,receive,m1
task,PartyA,Activity B/PartyA//,2021-06-23 06:12:27.986000+00:00,case_254,,,
task,PartyC,Activity ZA/PartyC//,2021-06-23 05:47:38.473000+00:00,case_125,,,
task,PartyA,Activity A/PartyA//,2021-06-23 05:47:45.503000+00:00,case_125,,,
SendTask,PartyC,Activity CZ/PartyC/PartyA/,2021-06-23 05:47:46.217000+00:00,case_125,m2_82,send,m2
SendTask,PartyC,Activity DZ/PartyC/PartyA/,2021-06-23 05:47:52.601000+00:00,case_125,m1_83,send,m1
ReceiveTask,PartyA,Activity C/PartyA//PartyC,2021-06-23 05:47:58.502000+00:00,case_125,m2_82,receive,m2
task,PartyC,Activity BZ/PartyC//,2021-06-23 05:48:05.045000+00:00,case_125,,,
ReceiveTask,PartyA,Activity D/PartyA//PartyC,2021-06-23 05:48:08.642000+00:00,case_125,m1_83,receive,m1
task,PartyA,Activity B/PartyA//,2021-06-23 05:48:11.720000+00:00,case_125,,,
task,PartyA,Activity A/PartyA//,2021-06-23 05:36:45.360000+00:00,case_68,,,
task,PartyC,Activity ZA/PartyC//,2021-06-23 05:36:51.340000+00:00,case_68,,,
SendTask,PartyC,Activity DZ/PartyC/PartyA/,2021-06-23 05:36:54.149000+00:00,case_68,m1_44,send,m1
ReceiveTask,PartyA,Activity D/PartyA//PartyC,2021-06-23 05:37:00.110000+00:00,case_68,m1_44,receive,m1
SendTask,PartyC,Activity CZ/PartyC/PartyA/,2021-06-23 05:37:00.399000+00:00,case_68,m2_45,send,m2
ReceiveTask,PartyA,Activity C/PartyA//PartyC,2021-06-23 05:37:09.669000+00:00,case_68,m2_45,receive,m2
task,PartyC,Activity BZ/PartyC//,2021-06-23 05:37:12.772000+00:00,case_68,,,
task,PartyA,Activity B/PartyA//,2021-06-23 05:37:17.094000+00:00,case_68,,,
task,PartyA,Activity A/PartyA//,2021-06-23 05:26:53.224000+00:00,case_14,,,
task,PartyC,Activity ZA/PartyC//,2021-06-23 05:26:56.141000+00:00,case_14,,,
SendTask,PartyC,Activity DZ/PartyC/PartyA/,2021-06-23 05:26:58.083000+00:00,case_14,m1_8,send,m1
ReceiveTask,PartyA,Activity D/PartyA//PartyC,2021-06-23 05:27:00.120000+00:00,case_14,m1_8,receive,m1
SendTask,PartyC,Activity CZ/PartyC/PartyA/,2021-06-23 05:27:03.364000+00:00,case_14,m2_9,send,m2
ReceiveTask,PartyA,Activity C/PartyA//PartyC,2021-06-23 05:27:07.803000+00:00,case_14,m2_9,receive,m2
task,PartyA,Activity B/PartyA//,2021-06-23 05:27:15.264000+00:00,case_14,,,
task,PartyC,Activity BZ/PartyC//,2021-06-23 05:27:19.570000+00:00,case_14,,,
task,PartyA,Activity A/PartyA//,2021-06-23 05:37:26.094000+00:00,case_71,,,
task,PartyC,Activity ZA/PartyC//,2021-06-23 05:37:27.955000+00:00,case_71,,,
SendTask,PartyC,Activity CZ/PartyC/PartyA/,2021-06-23 05:37:35.967000+00:00,case_71,m2_46,send,m2
ReceiveTask,PartyA,Activity C/PartyA//PartyC,2021-06-23 05:37:38.255000+00:00,case_71,m2_46,receive,m2
SendTask,PartyC,Activity DZ/PartyC/PartyA/,2021-06-23 05:37:41.277000+00:00,case_71,m1_47,send,m1
ReceiveTask,PartyA,Activity D/PartyA//PartyC,2021-06-23 05:37:43.267000+00:00,case_71,m1_47,receive,m1
task,PartyC,Activity BZ/PartyC//,2021-06-23 05:37:45.638000+00:00,case_71,,,
task,PartyA,Activity B/PartyA//,2021-06-23 05:37:51.583000+00:00,case_71,,,
task,PartyC,Activity ZA/PartyC//,2021-06-23 05:58:51.015000+00:00,case_182,,,
SendTask,PartyC,Activity CZ/PartyC/PartyA/,2021-06-23 05:59:01.186000+00:00,case_182,m2_121,send,m2
task,PartyA,Activity A/PartyA//,2021-06-23 05:59:13.711000+00:00,case_182,,,
SendTask,PartyC,Activity DZ/PartyC/PartyA/,2021-06-23 05:59:16.080000+00:00,case_182,m1_120,send,m1
ReceiveTask,PartyA,Activity D/PartyA//PartyC,2021-06-23 05:59:26.685000+00:00,case_182,m1_120,receive,m1
task,PartyC,Activity BZ/PartyC//,2021-06-23 05:59:26.696000+00:00,case_182,,,
ReceiveTask,PartyA,Activity C/PartyA//PartyC,2021-06-23 05:59:33.427000+00:00,case_182,m2_121,receive,m2
task,PartyA,Activity B/PartyA//,2021-06-23 05:59:35.669000+00:00,case_182,,,
task,PartyC,Activity ZA/PartyC//,2021-06-23 05:27:24.179000+00:00,case_17,,,
task,PartyA,Activity A/PartyA//,2021-06-23 05:27:27.157000+00:00,case_17,,,
SendTask,PartyC,Activity DZ/PartyC/PartyA/,2021-06-23 05:27:31.847000+00:00,case_17,m1_10,send,m1
SendTask,PartyC,Activity CZ/PartyC/PartyA/,2021-06-23 05:27:32.505000+00:00,case_17,m2_11,send,m2
ReceiveTask,PartyA,Activity D/PartyA//PartyC,2021-06-23 05:27:32.523000+00:00,case_17,m1_10,receive,m1
ReceiveTask,PartyA,Activity C/PartyA//PartyC,2021-06-23 05:27:38.255000+00:00,case_17,m2_11,receive,m2
task,PartyC,Activity BZ/PartyC//,2021-06-23 05:27:42.843000+00:00,case_17,,,
task,PartyA,Activity B/PartyA//,2021-06-23 05:27:43.643000+00:00,case_17,,,
task,PartyC,Activity ZA/PartyC//,2021-06-23 06:07:11.377000+00:00,case_227,,,
SendTask,PartyC,Activity DZ/PartyC/PartyA/,2021-06-23 06:07:19.647000+00:00,case_227,m1_151,send,m1
SendTask,PartyC,Activity CZ/PartyC/PartyA/,2021-06-23 06:07:26.390000+00:00,case_227,m2_150,send,m2
task,PartyA,Activity A/PartyA//,2021-06-23 06:07:30.048000+00:00,case_227,,,
ReceiveTask,PartyA,Activity C/PartyA//PartyC,2021-06-23 06:07:38.690000+00:00,case_227,m2_150,receive,m2
ReceiveTask,PartyA,Activity D/PartyA//PartyC,2021-06-23 06:07:42.660000+00:00,case_227,m1_151,receive,m1
task,PartyC,Activity BZ/PartyC//,2021-06-23 06:07:43.089000+00:00,case_227,,,
task,PartyA,Activity B/PartyA//,2021-06-23 06:07:45.731000+00:00,case_227,,,
task,PartyA,Activity A/PartyA//,2021-06-23 06:14:23.428000+00:00,case_266,,,
task,PartyC,Activity ZA/PartyC//,2021-06-23 06:14:27.679000+00:00,case_266,,,
SendTask,PartyC,Activity DZ/PartyC/PartyA/,2021-06-23 06:14:29.761000+00:00,case_266,m1_176,send,m1
SendTask,PartyC,Activity CZ/PartyC/PartyA/,2021-06-23 06:14:32.678000+00:00,case_266,m2_177,send,m2
ReceiveTask,PartyA,Activity D/PartyA//PartyC,2021-06-23 06:14:37.414000+00:00,case_266,m1_176,receive,m1
task,PartyC,Activity BZ/PartyC//,2021-06-23 06:14:44.866000+00:00,case_266,,,
ReceiveTask,PartyA,Activity C/PartyA//PartyC,2021-06-23 06:14:47.906000+00:00,case_266,m2_177,receive,m2
task,PartyA,Activity B/PartyA//,2021-06-23 06:14:49.699000+00:00,case_266,,,
task,PartyC,Activity ZA/PartyC//,2021-06-23 05:27:47.634000+00:00,case_20,,,
task,PartyA,Activity A/PartyA//,2021-06-23 05:27:52.101000+00:00,case_20,,,
SendTask,PartyC,Activity CZ/PartyC/PartyA/,2021-06-23 05:27:53.818000+00:00,case_20,m2_13,send,m2
SendTask,PartyC,Activity DZ/PartyC/PartyA/,2021-06-23 05:27:58.146000+00:00,case_20,m1_12,send,m1
ReceiveTask,PartyA,Activity D/PartyA//PartyC,2021-06-23 05:28:03.579000+00:00,case_20,m1_12,receive,m1
ReceiveTask,PartyA,Activity C/PartyA//PartyC,2021-06-23 05:28:07.839000+00:00,case_20,m2_13,receive,m2
task,PartyA,Activity B/PartyA//,2021-06-23 05:28:12.594000+00:00,case_20,,,
task,PartyC,Activity BZ/PartyC//,2021-06-23 05:28:20.580000+00:00,case_20,,,
task,PartyA,Activity A/PartyA//,2021-06-23 05:29:00.680000+00:00,case_26,,,
task,PartyC,Activity ZA/PartyC//,2021-06-23 05:29:04.928000+00:00,case_26,,,
SendTask,PartyC,Activity DZ/PartyC/PartyA/,2021-06-23 05:29:08.335000+00:00,case_26,m1_17,send,m1
SendTask,PartyC,Activity CZ/PartyC/PartyA/,2021-06-23 05:29:08.466000+00:00,case_26,m2_16,send,m2
ReceiveTask,PartyA,Activity C/PartyA//PartyC,2021-06-23 05:29:09.889000+00:00,case_26,m2_16,receive,m2
task,PartyC,Activity BZ/PartyC//,2021-06-23 05:29:17.439000+00:00,case_26,,,
ReceiveTask,PartyA,Activity D/PartyA//PartyC,2021-06-23 05:29:21.803000+00:00,case_26,m1_17,receive,m1
task,PartyA,Activity B/PartyA//,2021-06-23 05:29:25.313000+00:00,case_26,,,
task,PartyA,Activity A/PartyA//,2021-06-23 06:10:28.251000+00:00,case_245,,,
task,PartyC,Activity ZA/PartyC//,2021-06-23 06:10:28.513000+00:00,case_245,,,
SendTask,PartyC,Activity CZ/PartyC/PartyA/,2021-06-23 06:10:28.526000+00:00,case_245,m2_162,send,m2
SendTask,PartyC,Activity DZ/PartyC/PartyA/,2021-06-23 06:10:29.771000+00:00,case_245,m1_163,send,m1
ReceiveTask,PartyA,Activity C/PartyA//PartyC,2021-06-23 06:10:38.742000+00:00,case_245,m2_162,receive,m2
task,PartyC,Activity BZ/PartyC//,2021-06-23 06:10:47.080000+00:00,case_245,,,
ReceiveTask,PartyA,Activity D/PartyA//PartyC,2021-06-23 06:10:57.835000+00:00,case_245,m1_163,receive,m1
task,PartyA,Activity B/PartyA//,2021-06-23 06:11:00.846000+00:00,case_245,,,
task,PartyA,Activity A/PartyA//,2021-06-23 06:12:29.655000+00:00,case_257,,,
task,PartyC,Activity ZA/PartyC//,2021-06-23 06:12:30.538000+00:00,case_257,,,
SendTask,PartyC,Activity DZ/PartyC/PartyA/,2021-06-23 06:12:32.491000+00:00,case_257,m1_170,send,m1
ReceiveTask,PartyA,Activity D/PartyA//PartyC,2021-06-23 06:12:39.652000+00:00,case_257,m1_170,receive,m1
SendTask,PartyC,Activity CZ/PartyC/PartyA/,2021-06-23 06:12:44.044000+00:00,case_257,m2_171,send,m2
task,PartyC,Activity BZ/PartyC//,2021-06-23 06:12:51.528000+00:00,case_257,,,
ReceiveTask,PartyA,Activity C/PartyA//PartyC,2021-06-23 06:12:59.285000+00:00,case_257,m2_171,receive,m2
task,PartyA,Activity B/PartyA//,2021-06-23 06:13:00.532000+00:00,case_257,,,
task,PartyA,Activity A/PartyA//,2021-06-23 05:49:33.259000+00:00,case_137,,,
task,PartyC,Activity ZA/PartyC//,2021-06-23 05:49:33.561000+00:00,case_137,,,
SendTask,PartyC,Activity DZ/PartyC/PartyA/,2021-06-23 05:49:37.839000+00:00,case_137,m1_90,send,m1
SendTask,PartyC,Activity CZ/PartyC/PartyA/,2021-06-23 05:49:38.758000+00:00,case_137,m2_91,send,m2
ReceiveTask,PartyA,Activity D/PartyA//PartyC,2021-06-23 05:49:51.258000+00:00,case_137,m1_90,receive,m1
ReceiveTask,PartyA,Activity C/PartyA//PartyC,2021-06-23 05:49:58.844000+00:00,case_137,m2_91,receive,m2
task,PartyC,Activity BZ/PartyC//,2021-06-23 05:50:00.716000+00:00,case_137,,,
task,PartyA,Activity B/PartyA//,2021-06-23 05:50:01.310000+00:00,case_137,,,
task,PartyC,Activity ZA/PartyC//,2021-06-23 06:02:56.031000+00:00,case_203,,,
SendTask,PartyC,Activity DZ/PartyC/PartyA/,2021-06-23 06:03:01.579000+00:00,case_203,m1_134,send,m1
SendTask,PartyC,Activity CZ/PartyC/PartyA/,2021-06-23 06:03:04.415000+00:00,case_203,m2_135,send,m2
task,PartyA,Activity A/PartyA//,2021-06-23 06:03:10.689000+00:00,case_203,,,
ReceiveTask,PartyA,Activity D/PartyA//PartyC,2021-06-23 06:03:18.685000+00:00,case_203,m1_134,receive,m1
task,PartyC,Activity BZ/PartyC//,2021-06-23 06:03:21.172000+00:00,case_203,,,
ReceiveTask,PartyA,Activity C/PartyA//PartyC,2021-06-23 06:03:28.974000+00:00,case_203,m2_135,receive,m2
task,PartyA,Activity B/PartyA//,2021-06-23 06:03:30.494000+00:00,case_203,,,
task,PartyA,Activity A/PartyA//,2021-06-23 06:14:52.538000+00:00,case_269,,,
task,PartyC,Activity ZA/PartyC//,2021-06-23 06:14:59.827000+00:00,case_269,,,
SendTask,PartyC,Activity CZ/PartyC/PartyA/,2021-06-23 06:15:01.563000+00:00,case_269,m2_179,send,m2
SendTask,PartyC,Activity DZ/PartyC/PartyA/,2021-06-23 06:15:03.832000+00:00,case_269,m1_178,send,m1
task,PartyC,Activity BZ/PartyC//,2021-06-23 06:15:16.649000+00:00,case_269,,,
ReceiveTask,PartyA,Activity D/PartyA//PartyC,2021-06-23 06:15:23.157000+00:00,case_269,m1_178,receive,m1
ReceiveTask,PartyA,Activity C/PartyA//PartyC,2021-06-23 06:15:28.096000+00:00,case_269,m2_179,receive,m2
task,PartyA,Activity B/PartyA//,2021-06-23 06:15:29.903000+00:00,case_269,,,
task,PartyA,Activity A/PartyA//,2021-06-23 06:04:03.426000+00:00,case_209,,,
task,PartyC,Activity ZA/PartyC//,2021-06-23 06:04:06.188000+00:00,case_209,,,
SendTask,PartyC,Activity CZ/PartyC/PartyA/,2021-06-23 06:04:09.293000+00:00,case_209,m2_138,send,m2
ReceiveTask,PartyA,Activity C/PartyA//PartyC,2021-06-23 06:04:11.099000+00:00,case_209,m2_138,receive,m2
SendTask,PartyC,Activity DZ/PartyC/PartyA/,2021-06-23 06:04:14.019000+00:00,case_209,m1_139,send,m1
ReceiveTask,PartyA,Activity D/PartyA//PartyC,2021-06-23 06:04:20.335000+00:00,case_209,m1_139,receive,m1
task,PartyA,Activity B/PartyA//,2021-06-23 06:04:27.692000+00:00,case_209,,,
task,PartyC,Activity BZ/PartyC//,2021-06-23 06:04:30.807000+00:00,case_209,,,
task,PartyA,Activity A/PartyA//,2021-06-23 05:53:54.884000+00:00,case_158,,,
task,PartyC,Activity ZA/PartyC//,2021-06-23 05:54:01.570000+00:00,case_158,,,
SendTask,PartyC,Activity CZ/PartyC/PartyA/,2021-06-23 05:54:05.968000+00:00,case_158,m2_105,send,m2
SendTask,PartyC,Activity DZ/PartyC/PartyA/,2021-06-23 05:54:09.497000+00:00,case_158,m1_104,send,m1
ReceiveTask,PartyA,Activity D/PartyA//PartyC,2021-06-23 05:54:18.762000+00:00,case_158,m1_104,receive,m1
task,PartyC,Activity BZ/PartyC//,2021-06-23 05:54:23.612000+00:00,case_158,,,
ReceiveTask,PartyA,Activity C/PartyA//PartyC,2021-06-23 05:54:29.808000+00:00,case_158,m2_105,receive,m2
task,PartyA,Activity B/PartyA//,2021-06-23 05:54:31.309000+00:00,case_158,,,
task,PartyA,Activity A/PartyA//,2021-06-23 05:38:00.201000+00:00,case_74,,,
task,PartyC,Activity ZA/PartyC//,2021-06-23 05:38:05.737000+00:00,case_74,,,
SendTask,PartyC,Activity CZ/PartyC/PartyA/,2021-06-23 05:38:06.101000+00:00,case_74,m2_49,send,m2
SendTask,PartyC,Activity DZ/PartyC/PartyA/,2021-06-23 05:38:08.232000+00:00,case_74,m1_48,send,m1
task,PartyC,Activity BZ/PartyC//,2021-06-23 05:38:16.748000+00:00,case_74,,,
ReceiveTask,PartyA,Activity D/PartyA//PartyC,2021-06-23 05:38:20.633000+00:00,case_74,m1_48,receive,m1
ReceiveTask,PartyA,Activity C/PartyA//PartyC,2021-06-23 05:38:23.489000+00:00,case_74,m2_49,receive,m2
task,PartyA,Activity B/PartyA//,2021-06-23 05:38:24.506000+00:00,case_74,,,
task,PartyC,Activity ZA/PartyC//,2021-06-23 05:34:40.077000+00:00,case_56,,,
SendTask,PartyC,Activity DZ/PartyC/PartyA/,2021-06-23 05:34:48.445000+00:00,case_56,m1_36,send,m1
SendTask,PartyC,Activity CZ/PartyC/PartyA/,2021-06-23 05:34:53.567000+00:00,case_56,m2_37,send,m2
task,PartyC,Activity BZ/PartyC//,2021-06-23 05:34:59.571000+00:00,case_56,,,
task,PartyA,Activity A/PartyA//,2021-06-23 05:35:05.642000+00:00,case_56,,,
ReceiveTask,PartyA,Activity D/PartyA//PartyC,2021-06-23 05:35:09.506000+00:00,case_56,m1_36,receive,m1
ReceiveTask,PartyA,Activity C/PartyA//PartyC,2021-06-23 05:35:10.920000+00:00,case_56,m2_37,receive,m2
task,PartyA,Activity B/PartyA//,2021-06-23 05:35:13.525000+00:00,case_56,,,
task,PartyA,Activity A/PartyA//,2021-06-23 05:59:38.049000+00:00,case_185,,,
task,PartyC,Activity ZA/PartyC//,2021-06-23 05:59:39.709000+00:00,case_185,,,
SendTask,PartyC,Activity CZ/PartyC/PartyA/,2021-06-23 05:59:39.785000+00:00,case_185,m2_122,send,m2
ReceiveTask,PartyA,Activity C/PartyA//PartyC,2021-06-23 05:59:44.793000+00:00,case_185,m2_122,receive,m2
SendTask,PartyC,Activity DZ/PartyC/PartyA/,2021-06-23 05:59:45.554000+00:00,case_185,m1_123,send,m1
ReceiveTask,PartyA,Activity D/PartyA//PartyC,2021-06-23 05:59:49.960000+00:00,case_185,m1_123,receive,m1
task,PartyC,Activity BZ/PartyC//,2021-06-23 05:59:56.896000+00:00,case_185,,,
task,PartyA,Activity B/PartyA//,2021-06-23 06:00:02.002000+00:00,case_185,,,
task,PartyC,Activity ZA/PartyC//,2021-06-23 05:24:37.085000+00:00,case_2,,,
task,PartyA,Activity A/PartyA//,2021-06-23 05:24:39.315000+00:00,case_2,,,
SendTask,PartyC,Activity DZ/PartyC/PartyA/,2021-06-23 05:24:45.449000+00:00,case_2,m1_0,send,m1
SendTask,PartyC,Activity CZ/PartyC/PartyA/,2021-06-23 05:24:46.352000+00:00,case_2,m2_1,send,m2
ReceiveTask,PartyA,Activity D/PartyA//PartyC,2021-06-23 05:24:52.373000+00:00,case_2,m1_0,receive,m1
ReceiveTask,PartyA,Activity C/PartyA//PartyC,2021-06-23 05:24:59.955000+00:00,case_2,m2_1,receive,m2
task,PartyC,Activity BZ/PartyC//,2021-06-23 05:25:07.300000+00:00,case_2,,,
task,PartyA,Activity B/PartyA//,2021-06-23 05:25:14.202000+00:00,case_2,,,
task,PartyA,Activity A/PartyA//,2021-06-23 05:29:30.757000+00:00,case_29,,,
task,PartyC,Activity ZA/PartyC//,2021-06-23 05:29:35.342000+00:00,case_29,,,
SendTask,PartyC,Activity CZ/PartyC/PartyA/,2021-06-23 05:29:38.609000+00:00,case_29,m2_18,send,m2
SendTask,PartyC,Activity DZ/PartyC/PartyA/,2021-06-23 05:29:42.767000+00:00,case_29,m1_19,send,m1
ReceiveTask,PartyA,Activity C/PartyA//PartyC,2021-06-23 05:29:50.897000+00:00,case_29,m2_18,receive,m2
task,PartyC,Activity BZ/PartyC//,2021-06-23 05:29:51.025000+00:00,case_29,,,
ReceiveTask,PartyA,Activity D/PartyA//PartyC,2021-06-23 05:29:55.625000+00:00,case_29,m1_19,receive,m1
task,PartyA,Activity B/PartyA//,2021-06-23 05:29:56.422000+00:00,case_29,,,
task,PartyA,Activity A/PartyA//,2021-06-23 05:57:55.867000+00:00,case_176,,,
task,PartyC,Activity ZA/PartyC//,2021-06-23 05:57:59.702000+00:00,case_176,,,
SendTask,PartyC,Activity DZ/PartyC/PartyA/,2021-06-23 05:58:00.039000+00:00,case_176,m1_116,send,m1
SendTask,PartyC,Activity CZ/PartyC/PartyA/,2021-06-23 05:58:01.840000+00:00,case_176,m2_117,send,m2
ReceiveTask,PartyA,Activity D/PartyA//PartyC,2021-06-23 05:58:05.632000+00:00,case_176,m1_116,receive,m1
ReceiveTask,PartyA,Activity C/PartyA//PartyC,2021-06-23 05:58:06.590000+00:00,case_176,m2_117,receive,m2
task,PartyA,Activity B/PartyA//,2021-06-23 05:58:10.275000+00:00,case_176,,,
task,PartyC,Activity BZ/PartyC//,2021-06-23 05:58:14.863000+00:00,case_176,,,
task,PartyA,Activity A/PartyA//,2021-06-23 05:44:14.899000+00:00,case_107,,,
task,PartyC,Activity ZA/PartyC//,2021-06-23 05:44:20.793000+00:00,case_107,,,
SendTask,PartyC,Activity CZ/PartyC/PartyA/,2021-06-23 05:44:23.259000+00:00,case_107,m2_70,send,m2
ReceiveTask,PartyA,Activity C/PartyA//PartyC,2021-06-23 05:44:28.269000+00:00,case_107,m2_70,receive,m2
SendTask,PartyC,Activity DZ/PartyC/PartyA/,2021-06-23 05:44:31.168000+00:00,case_107,m1_71,send,m1
task,PartyC,Activity BZ/PartyC//,2021-06-23 05:44:37.587000+00:00,case_107,,,
ReceiveTask,PartyA,Activity D/PartyA//PartyC,2021-06-23 05:44:42.123000+00:00,case_107,m1_71,receive,m1
task,PartyA,Activity B/PartyA//,2021-06-23 05:44:44.459000+00:00,case_107,,,
task,PartyA,Activity A/PartyA//,2021-06-23 05:46:23.757000+00:00,case_119,,,
task,PartyC,Activity ZA/PartyC//,2021-06-23 05:46:28.295000+00:00,case_119,,,
SendTask,PartyC,Activity CZ/PartyC/PartyA/,2021-06-23 05:46:29.240000+00:00,case_119,m2_78,send,m2
ReceiveTask,PartyA,Activity C/PartyA//PartyC,2021-06-23 05:46:36.295000+00:00,case_119,m2_78,receive,m2
SendTask,PartyC,Activity DZ/PartyC/PartyA/,2021-06-23 05:46:40.912000+00:00,case_119,m1_79,send,m1
ReceiveTask,PartyA,Activity D/PartyA//PartyC,2021-06-23 05:46:43.828000+00:00,case_119,m1_79,receive,m1
task,PartyC,Activity BZ/PartyC//,2021-06-23 05:46:48.844000+00:00,case_119,,,
task,PartyA,Activity B/PartyA//,2021-06-23 05:46:58.634000+00:00,case_119,,,
task,PartyC,Activity ZA/PartyC//,2021-06-23 05:54:34.505000+00:00,case_161,,,
task,PartyA,Activity A/PartyA//,2021-06-23 05:54:37.633000+00:00,case_161,,,
SendTask,PartyC,Activity CZ/PartyC/PartyA/,2021-06-23 05:54:43.294000+00:00,case_161,m2_106,send,m2
ReceiveTask,PartyA,Activity C/PartyA//PartyC,2021-06-23 05:54:48.202000+00:00,case_161,m2_106,receive,m2
SendTask,PartyC,Activity DZ/PartyC/PartyA/,2021-06-23 05:54:49.954000+00:00,case_161,m1_107,send,m1
ReceiveTask,PartyA,Activity D/PartyA//PartyC,2021-06-23 05:54:52.539000+00:00,case_161,m1_107,receive,m1
task,PartyC,Activity BZ/PartyC//,2021-06-23 05:54:56.261000+00:00,case_161,,,
task,PartyA,Activity B/PartyA//,2021-06-23 05:54:59.868000+00:00,case_161,,,
task,PartyA,Activity A/PartyA//,2021-06-23 05:38:33.401000+00:00,case_77,,,
task,PartyC,Activity ZA/PartyC//,2021-06-23 05:38:37.718000+00:00,case_77,,,
SendTask,PartyC,Activity CZ/PartyC/PartyA/,2021-06-23 05:38:44.637000+00:00,case_77,m2_50,send,m2
ReceiveTask,PartyA,Activity C/PartyA//PartyC,2021-06-23 05:38:49.246000+00:00,case_77,m2_50,receive,m2
SendTask,PartyC,Activity DZ/PartyC/PartyA/,2021-06-23 05:38:49.791000+00:00,case_77,m1_51,send,m1
ReceiveTask,PartyA,Activity D/PartyA//PartyC,2021-06-23 05:38:49.936000+00:00,case_77,m1_51,receive,m1
task,PartyA,Activity B/PartyA//,2021-06-23 05:38:52.790000+00:00,case_77,,,
task,PartyC,Activity BZ/PartyC//,2021-06-23 05:38:54.443000+00:00,case_77,,,
task,PartyC,Activity ZA/PartyC//,2021-06-23 05:33:05.573000+00:00,case_47,,,
task,PartyA,Activity A/PartyA//,2021-06-23 05:33:08.468000+00:00,case_47,,,
SendTask,PartyC,Activity CZ/PartyC/PartyA/,2021-06-23 05:33:10.154000+00:00,case_47,m2_30,send,m2
SendTask,PartyC,Activity DZ/PartyC/PartyA/,2021-06-23 05:33:12.184000+00:00,case_47,m1_31,send,m1
ReceiveTask,PartyA,Activity C/PartyA//PartyC,2021-06-23 05:33:21.457000+00:00,case_47,m2_30,receive,m2
ReceiveTask,PartyA,Activity D/PartyA//PartyC,2021-06-23 05:33:28.368000+00:00,case_47,m1_31,receive,m1
task,PartyC,Activity BZ/PartyC//,2021-06-23 05:33:32.265000+00:00,case_47,,,
task,PartyA,Activity B/PartyA//,2021-06-23 05:33:35.112000+00:00,case_47,,,
task,PartyC,Activity ZA/PartyC//,2021-06-23 06:03:32.788000+00:00,case_206,,,
task,PartyA,Activity A/PartyA//,2021-06-23 06:03:38.515000+00:00,case_206,,,
SendTask,PartyC,Activity DZ/PartyC/PartyA/,2021-06-23 06:03:40.826000+00:00,case_206,m1_136,send,m1
ReceiveTask,PartyA,Activity D/PartyA//PartyC,2021-06-23 06:03:45.516000+00:00,case_206,m1_136,receive,m1
SendTask,PartyC,Activity CZ/PartyC/PartyA/,2021-06-23 06:03:48.142000+00:00,case_206,m2_137,send,m2
task,PartyC,Activity BZ/PartyC//,2021-06-23 06:03:53.888000+00:00,case_206,,,
ReceiveTask,PartyA,Activity C/PartyA//PartyC,2021-06-23 06:04:00.333000+00:00,case_206,m2_137,receive,m2
task,PartyA,Activity B/PartyA//,2021-06-23 06:04:01.590000+00:00,case_206,,,
task,PartyA,Activity A/PartyA//,2021-06-23 05:48:38.579000+00:00,case_131,,,
task,PartyC,Activity ZA/PartyC//,2021-06-23 05:48:41.427000+00:00,case_131,,,
SendTask,PartyC,Activity DZ/PartyC/PartyA/,2021-06-23 05:48:43.244000+00:00,case_131,m1_86,send,m1
ReceiveTask,PartyA,Activity D/PartyA//PartyC,2021-06-23 05:48:50.776000+00:00,case_131,m1_86,receive,m1
SendTask,PartyC,Activity CZ/PartyC/PartyA/,2021-06-23 05:48:51.518000+00:00,case_131,m2_87,send,m2
ReceiveTask,PartyA,Activity C/PartyA//PartyC,2021-06-23 05:48:53.020000+00:00,case_131,m2_87,receive,m2
task,PartyC,Activity BZ/PartyC//,2021-06-23 05:48:56.190000+00:00,case_131,,,
task,PartyA,Activity B/PartyA//,2021-06-23 05:48:59.096000+00:00,case_131,,,
task,PartyA,Activity A/PartyA//,2021-06-23 06:13:07.212000+00:00,case_260,,,
task,PartyC,Activity ZA/PartyC//,2021-06-23 06:13:11.257000+00:00,case_260,,,
SendTask,PartyC,Activity CZ/PartyC/PartyA/,2021-06-23 06:13:13.170000+00:00,case_260,m2_172,send,m2
ReceiveTask,PartyA,Activity C/PartyA//PartyC,2021-06-23 06:13:14.255000+00:00,case_260,m2_172,receive,m2
SendTask,PartyC,Activity DZ/PartyC/PartyA/,2021-06-23 06:13:15.427000+00:00,case_260,m1_173,send,m1
ReceiveTask,PartyA,Activity D/PartyA//PartyC,2021-06-23 06:13:25.805000+00:00,case_260,m1_173,receive,m1
task,PartyC,Activity BZ/PartyC//,2021-06-23 06:13:27.641000+00:00,case_260,,,
task,PartyA,Activity B/PartyA//,2021-06-23 06:13:30.655000+00:00,case_260,,,
task,PartyA,Activity A/PartyA//,2021-06-23 06:00:26.902000+00:00,case_191,,,
task,PartyC,Activity ZA/PartyC//,2021-06-23 06:00:32.984000+00:00,case_191,,,
SendTask,PartyC,Activity CZ/PartyC/PartyA/,2021-06-23 06:00:36.281000+00:00,case_191,m2_126,send,m2
SendTask,PartyC,Activity DZ/PartyC/PartyA/,2021-06-23 06:00:36.580000+00:00,case_191,m1_127,send,m1
ReceiveTask,PartyA,Activity C/PartyA//PartyC,2021-06-23 06:00:51.603000+00:00,case_191,m2_126,receive,m2
task,PartyC,Activity BZ/PartyC//,2021-06-23 06:00:56.206000+00:00,case_191,,,
ReceiveTask,PartyA,Activity D/PartyA//PartyC,2021-06-23 06:01:01.466000+00:00,case_191,m1_127,receive,m1
task,PartyA,Activity B/PartyA//,2021-06-23 06:01:04.747000+00:00,case_191,,,
task,PartyA,Activity A/PartyA//,2021-06-23 05:49:02.205000+00:00,case_134,,,
task,PartyC,Activity ZA/PartyC//,2021-06-23 05:49:03.557000+00:00,case_134,,,
SendTask,PartyC,Activity CZ/PartyC/PartyA/,2021-06-23 05:49:05.444000+00:00,case_134,m2_88,send,m2
SendTask,PartyC,Activity DZ/PartyC/PartyA/,2021-06-23 05:49:06.992000+00:00,case_134,m1_89,send,m1
ReceiveTask,PartyA,Activity C/PartyA//PartyC,2021-06-23 05:49:19.585000+00:00,case_134,m2_88,receive,m2
task,PartyC,Activity BZ/PartyC//,2021-06-23 05:49:23.728000+00:00,case_134,,,
ReceiveTask,PartyA,Activity D/PartyA//PartyC,2021-06-23 05:49:29.290000+00:00,case_134,m1_89,receive,m1
task,PartyA,Activity B/PartyA//,2021-06-23 05:49:32.367000+00:00,case_134,,,
task,PartyA,Activity A/PartyA//,2021-06-23 05:30:39.309000+00:00,case_35,,,
task,PartyC,Activity ZA/PartyC//,2021-06-23 05:30:43.204000+00:00,case_35,,,
SendTask,PartyC,Activity DZ/PartyC/PartyA/,2021-06-23 05:30:44.061000+00:00,case_35,m1_22,send,m1
ReceiveTask,PartyA,Activity D/PartyA//PartyC,2021-06-23 05:30:52.152000+00:00,case_35,m1_22,receive,m1
SendTask,PartyC,Activity CZ/PartyC/PartyA/,2021-06-23 05:30:56.491000+00:00,case_35,m2_23,send,m2
ReceiveTask,PartyA,Activity C/PartyA//PartyC,2021-06-23 05:31:05.864000+00:00,case_35,m2_23,receive,m2
task,PartyC,Activity BZ/PartyC//,2021-06-23 05:31:09.962000+00:00,case_35,,,
task,PartyA,Activity B/PartyA//,2021-06-23 05:31:13.486000+00:00,case_35,,,
task,PartyA,Activity A/PartyA//,2021-06-23 05:33:37.172000+00:00,case_50,,,
task,PartyC,Activity ZA/PartyC//,2021-06-23 05:33:37.581000+00:00,case_50,,,
SendTask,PartyC,Activity DZ/PartyC/PartyA/,2021-06-23 05:33:41.492000+00:00,case_50,m1_33,send,m1
SendTask,PartyC,Activity CZ/PartyC/PartyA/,2021-06-23 05:33:45.868000+00:00,case_50,m2_32,send,m2
ReceiveTask,PartyA,Activity C/PartyA//PartyC,2021-06-23 05:33:51.658000+00:00,case_50,m2_32,receive,m2
ReceiveTask,PartyA,Activity D/PartyA//PartyC,2021-06-23 05:33:55.661000+00:00,case_50,m1_33,receive,m1
task,PartyA,Activity B/PartyA//,2021-06-23 05:34:00.296000+00:00,case_50,,,
task,PartyC,Activity BZ/PartyC//,2021-06-23 05:34:05.155000+00:00,case_50,,,
task,PartyA,Activity A/PartyA//,2021-06-23 06:09:56.455000+00:00,case_242,,,
task,PartyC,Activity ZA/PartyC//,2021-06-23 06:10:01.862000+00:00,case_242,,,
SendTask,PartyC,Activity CZ/PartyC/PartyA/,2021-06-23 06:10:02.705000+00:00,case_242,m2_161,send,m2
SendTask,PartyC,Activity DZ/PartyC/PartyA/,2021-06-23 06:10:05.236000+00:00,case_242,m1_160,send,m1
task,PartyC,Activity BZ/PartyC//,2021-06-23 06:10:10.950000+00:00,case_242,,,
ReceiveTask,PartyA,Activity D/PartyA//PartyC,2021-06-23 06:10:16.476000+00:00,case_242,m1_160,receive,m1
ReceiveTask,PartyA,Activity C/PartyA//PartyC,2021-06-23 06:10:17.250000+00:00,case_242,m2_161,receive,m2
task,PartyA,Activity B/PartyA//,2021-06-23 06:10:21.518000+00:00,case_242,,,
task,PartyA,Activity A/PartyA//,2021-06-23 05:32:15.101000+00:00,case_41,,,
task,PartyC,Activity ZA/PartyC//,2021-06-23 05:32:19.969000+00:00,case_41,,,
SendTask,PartyC,Activity DZ/PartyC/PartyA/,2021-06-23 05:32:21.751000+00:00,case_41,m1_27,send,m1
SendTask,PartyC,Activity CZ/PartyC/PartyA/,2021-06-23 05:32:23.099000+00:00,case_41,m2_26,send,m2
task,PartyC,Activity BZ/PartyC//,2021-06-23 05:32:25.135000+00:00,case_41,,,
ReceiveTask,PartyA,Activity C/PartyA//PartyC,2021-06-23 05:32:28.151000+00:00,case_41,m2_26,receive,m2
ReceiveTask,PartyA,Activity D/PartyA//PartyC,2021-06-23 05:32:29.529000+00:00,case_41,m1_27,receive,m1
task,PartyA,Activity B/PartyA//,2021-06-23 05:32:31.210000+00:00,case_41,,,
task,PartyC,Activity ZA/PartyC//,2021-06-23 05:43:28.120000+00:00,case_101,,,
SendTask,PartyC,Activity DZ/PartyC/PartyA/,2021-06-23 05:43:30.833000+00:00,case_101,m1_66,send,m1
SendTask,PartyC,Activity CZ/PartyC/PartyA/,2021-06-23 05:43:32.751000+00:00,case_101,m2_67,send,m2
task,PartyC,Activity BZ/PartyC//,2021-06-23 05:43:34.534000+00:00,case_101,,,
task,PartyA,Activity A/PartyA//,2021-06-23 05:43:39.509000+00:00,case_101,,,
ReceiveTask,PartyA,Activity D/PartyA//PartyC,2021-06-23 05:43:41.043000+00:00,case_101,m1_66,receive,m1
ReceiveTask,PartyA,Activity C/PartyA//PartyC,2021-06-23 05:43:41.874000+00:00,case_101,m2_67,receive,m2
task,PartyA,Activity B/PartyA//,2021-06-23 05:43:44.743000+00:00,case_101,,,
task,PartyA,Activity A/PartyA//,2021-06-23 05:55:08.084000+00:00,case_164,,,
task,PartyC,Activity ZA/PartyC//,2021-06-23 05:55:12.341000+00:00,case_164,,,
SendTask,PartyC,Activity DZ/PartyC/PartyA/,2021-06-23 05:55:13.174000+00:00,case_164,m1_108,send,m1
SendTask,PartyC,Activity CZ/PartyC/PartyA/,2021-06-23 05:55:14.324000+00:00,case_164,m2_109,send,m2
task,PartyC,Activity BZ/PartyC//,2021-06-23 05:55:25.970000+00:00,case_164,,,
ReceiveTask,PartyA,Activity D/PartyA//PartyC,2021-06-23 05:55:33.946000+00:00,case_164,m1_108,receive,m1
ReceiveTask,PartyA,Activity C/PartyA//PartyC,2021-06-23 05:55:38.451000+00:00,case_164,m2_109,receive,m2
task,PartyA,Activity B/PartyA//,2021-06-23 05:55:41.950000+00:00,case_164,,,
task,PartyC,Activity ZA/PartyC//,2021-06-23 05:58:18.852000+00:00,case_179,,,
SendTask,PartyC,Activity DZ/PartyC/PartyA/,2021-06-23 05:58:25.609000+00:00,case_179,m1_119,send,m1
SendTask,PartyC,Activity CZ/PartyC/PartyA/,2021-06-23 05:58:29.725000+00:00,case_179,m2_118,send,m2
task,PartyC,Activity BZ/PartyC//,2021-06-23 05:58:35.472000+00:00,case_179,,,
task,PartyA,Activity A/PartyA//,2021-06-23 05:58:39.607000+00:00,case_179,,,
ReceiveTask,PartyA,Activity C/PartyA//PartyC,2021-06-23 05:58:41.176000+00:00,case_179,m2_118,receive,m2
ReceiveTask,PartyA,Activity D/PartyA//PartyC,2021-06-23 05:58:45.249000+00:00,case_179,m1_119,receive,m1
task,PartyA,Activity B/PartyA//,2021-06-23 05:58:45.328000+00:00,case_179,,,
task,PartyA,Activity A/PartyA//,2021-06-23 05:31:22.109000+00:00,case_38,,,
task,PartyC,Activity ZA/PartyC//,2021-06-23 05:31:28.407000+00:00,case_38,,,
SendTask,PartyC,Activity DZ/PartyC/PartyA/,2021-06-23 05:31:31.335000+00:00,case_38,m1_25,send,m1
SendTask,PartyC,Activity CZ/PartyC/PartyA/,2021-06-23 05:31:32.361000+00:00,case_38,m2_24,send,m2
ReceiveTask,PartyA,Activity C/PartyA//PartyC,2021-06-23 05:31:40.729000+00:00,case_38,m2_24,receive,m2
ReceiveTask,PartyA,Activity D/PartyA//PartyC,2021-06-23 05:31:49.155000+00:00,case_38,m1_25,receive,m1
task,PartyC,Activity BZ/PartyC//,2021-06-23 05:31:56.004000+00:00,case_38,,,
task,PartyA,Activity B/PartyA//,2021-06-23 05:32:03.950000+00:00,case_38,,,
task,PartyA,Activity A/PartyA//,2021-06-23 05:25:51.035000+00:00,case_8,,,
task,PartyC,Activity ZA/PartyC//,2021-06-23 05:25:51.417000+00:00,case_8,,,
SendTask,PartyC,Activity CZ/PartyC/PartyA/,2021-06-23 05:25:52.021000+00:00,case_8,m2_5,send,m2
SendTask,PartyC,Activity DZ/PartyC/PartyA/,2021-06-23 05:25:54.604000+00:00,case_8,m1_4,send,m1
ReceiveTask,PartyA,Activity D/PartyA//PartyC,2021-06-23 05:25:58.042000+00:00,case_8,m1_4,receive,m1
ReceiveTask,PartyA,Activity C/PartyA//PartyC,2021-06-23 05:25:58.900000+00:00,case_8,m2_5,receive,m2
task,PartyC,Activity BZ/PartyC//,2021-06-23 05:25:59.139000+00:00,case_8,,,
task,PartyA,Activity B/PartyA//,2021-06-23 05:26:01.951000+00:00,case_8,,,
task,PartyC,Activity ZA/PartyC//,2021-06-23 05:30:01.037000+00:00,case_32,,,
task,PartyA,Activity A/PartyA//,2021-06-23 05:30:07.184000+00:00,case_32,,,
SendTask,PartyC,Activity DZ/PartyC/PartyA/,2021-06-23 05:30:14.609000+00:00,case_32,m1_20,send,m1
ReceiveTask,PartyA,Activity D/PartyA//PartyC,2021-06-23 05:30:21.060000+00:00,case_32,m1_20,receive,m1
SendTask,PartyC,Activity CZ/PartyC/PartyA/,2021-06-23 05:30:23.858000+00:00,case_32,m2_21,send,m2
ReceiveTask,PartyA,Activity C/PartyA//PartyC,2021-06-23 05:30:23.879000+00:00,case_32,m2_21,receive,m2
task,PartyC,Activity BZ/PartyC//,2021-06-23 05:30:29.815000+00:00,case_32,,,
task,PartyA,Activity B/PartyA//,2021-06-23 05:30:31.326000+00:00,case_32,,,
task,PartyA,Activity A/PartyA//,2021-06-23 06:20:55.889000+00:00,case_299,,,
task,PartyC,Activity ZA/PartyC//,2021-06-23 06:21:04.078000+00:00,case_299,,,
SendTask,PartyC,Activity DZ/PartyC/PartyA/,2021-06-23 06:21:07.723000+00:00,case_299,m1_199,send,m1
SendTask,PartyC,Activity CZ/PartyC/PartyA/,2021-06-23 06:21:07.818000+00:00,case_299,m2_198,send,m2
task,PartyC,Activity BZ/PartyC//,2021-06-23 06:21:15.766000+00:00,case_299,,,
ReceiveTask,PartyA,Activity C/PartyA//PartyC,2021-06-23 06:21:19.995000+00:00,case_299,m2_198,receive,m2
ReceiveTask,PartyA,Activity D/PartyA//PartyC,2021-06-23 06:21:20.414000+00:00,case_299,m1_199,receive,m1
task,PartyA,Activity B/PartyA//,2021-06-23 06:21:23.230000+00:00,case_299,,,
task,PartyA,Activity A/PartyA//,2021-06-23 05:45:20.009000+00:00,case_113,,,
task,PartyC,Activity ZA/PartyC//,2021-06-23 05:45:24.590000+00:00,case_113,,,
SendTask,PartyC,Activity CZ/PartyC/PartyA/,2021-06-23 05:45:27.091000+00:00,case_113,m2_74,send,m2
ReceiveTask,PartyA,Activity C/PartyA//PartyC,2021-06-23 05:45:31.955000+00:00,case_113,m2_74,receive,m2
SendTask,PartyC,Activity DZ/PartyC/PartyA/,2021-06-23 05:45:35.432000+00:00,case_113,m1_75,send,m1
task,PartyC,Activity BZ/PartyC//,2021-06-23 05:45:38.071000+00:00,case_113,,,
ReceiveTask,PartyA,Activity D/PartyA//PartyC,2021-06-23 05:45:45.017000+00:00,case_113,m1_75,receive,m1
task,PartyA,Activity B/PartyA//,2021-06-23 05:45:45.081000+00:00,case_113,,,
task,PartyC,Activity ZA/PartyC//,2021-06-23 05:52:15.138000+00:00,case_149,,,
task,PartyA,Activity A/PartyA//,2021-06-23 05:52:23.127000+00:00,case_149,,,
SendTask,PartyC,Activity CZ/PartyC/PartyA/,2021-06-23 05:52:25.384000+00:00,case_149,m2_98,send,m2
ReceiveTask,PartyA,Activity C/PartyA//PartyC,2021-06-23 05:52:29.493000+00:00,case_149,m2_98,receive,m2
SendTask,PartyC,Activity DZ/PartyC/PartyA/,2021-06-23 05:52:30.166000+00:00,case_149,m1_99,send,m1
ReceiveTask,PartyA,Activity D/PartyA//PartyC,2021-06-23 05:52:35.267000+00:00,case_149,m1_99,receive,m1
task,PartyC,Activity BZ/PartyC//,2021-06-23 05:52:38.259000+00:00,case_149,,,
task,PartyA,Activity B/PartyA//,2021-06-23 05:52:40.254000+00:00,case_149,,,
task,PartyC,Activity ZA/PartyC//,2021-06-23 05:26:06.620000+00:00,case_11,,,
SendTask,PartyC,Activity CZ/PartyC/PartyA/,2021-06-23 05:26:14.074000+00:00,case_11,m2_6,send,m2
SendTask,PartyC,Activity DZ/PartyC/PartyA/,2021-06-23 05:26:20.629000+00:00,case_11,m1_7,send,m1
task,PartyC,Activity BZ/PartyC//,2021-06-23 05:26:29.463000+00:00,case_11,,,
task,PartyA,Activity A/PartyA//,2021-06-23 05:26:36.582000+00:00,case_11,,,
ReceiveTask,PartyA,Activity C/PartyA//PartyC,2021-06-23 05:26:38.722000+00:00,case_11,m2_6,receive,m2
ReceiveTask,PartyA,Activity D/PartyA//PartyC,2021-06-23 05:26:41.480000+00:00,case_11,m1_7,receive,m1
task,PartyA,Activity B/PartyA//,2021-06-23 05:26:46.054000+00:00,case_11,,,
